Purpose Code,Categorization
MEDIA BUY,media
MEDIA,media
MEDIA PLACEMENT,media
TV / MEDIA PLACEMENT,media
TELEVISION ADVERTISING,media
TV/MEDIA PLACEMENT,media
TV AD BUY (ESTIMATE),media
MEDIA PLACEMENT/PRODUCTION,media
MEDIA BUY TV,media
MEDIA BUY; ALSO SUPPORTS MITT ROMNEY,media
MEDIA TV ADVERTISING BUY,media
"DIGITAL MEDIA MARKETING, REVENUE SHARING",digital
TV ADVERTISING,media
DIRECT MAIL,fundraising
MEDIA PLACEMENT - BROADCAST/CABLE,media
ONLINE ADVERTISING,digital
MEDIA BUY - ESTIMATE,media
"TV AD AIR BUY, PRODUCTION COSTS",media
TV AD BUY,media
MEDIA PRODUCTION,media
TV/MEDIA PLACEMENT / RADIO PLACEMENT,media
DIGITAL AD BUY (ESTIMATE),digital
CANVASSING SERVICES,field
TV ADVERTISING BUY,media
ADVERTISING - TV,media
TV ADVERTISING - MEDIA BUYS,media
MEDIA TIME BUY,media
RADIO ADVERTISING,media
DIGITAL ADVERTISING,digital
TELEVISION AD BUY,media
ADVERTISING-TV PLACEMENT (NEW IDEAS),media
DIRECT MAIL SERVICES,fundraising
ADVERTISING-TV PLACEMENT (TICK TOCK),media
MEDIA PLACEMENT - BROADCAST/CABLE/SATELLITE,media
DIRECT MAIL COSTS,fundraising
TV BUY,media
TELEVISION ADS,media
ADVERTISING,media
DIRECT MAIL - ESTIMATE,fundraising
WEB ADS,digital
LABOR AND POSTAGE FOR MAILPIECE,administrative
"BANK, OTHER TRADING ASSEST",legal
ONLINE ADVERTISING - ESTIMATE,digital
"FOCUS GROUPS, MEDIA PRODUCTION AND MEDIA PLACEMENT",media
TELEVISION ADVERTISING - ESTIMATE,media
TELEVISION ADVERTISEMENT,media
INTERNET ADVERTISING,digital
ADVERTISING-TV PLACEMENT (REPLACE),media
POSTAGE,administrative
PHONE CALLS,administrative
CANVASSING,field
MAILHOUSE,administrative
DIGITAL ADVERTISING - ESTIMATE,digital
MEDIA - TV ADVERTISEMENT PLACEMENT.,media
PAC MEDIA BUY,media
TV AD AIR BUY,media
FIELD CANVASS CONSULTING,field
TELEVISION ADVERTISEMENT - NATIONALLY DISTRIBUTED,media
MEDIA BUY; ALSO OPPOSES MITT ROMNEY,media
TV AD COSTS,media
ADVERTISING-TV PLACEMENT (STILL BELIEVE),media
MEDIA PLACEMENT-ALSO OPPOSE KASICH RUBIO AND CHRISTIE,media
MAILER,administrative
TELEVISION ADVERTISING - MEDIA PLACEMENT,media
NATIONAL CABLE MEDIA BUY ON FOX NEWS CHANNEL,media
SURVEY RESEARCH,field
SALES TAX,administrative
TELEVISION ADVERTISING; ALSO SUPPORTS NEWT GINGRICH,media
MEDIA PLACEMENT - ALSO OPPOSES RUBIO,media
MAILING,administrative
VOTER CONTACT MAIL,field
SALARY AND BENEFITS,administrative
MEDIA PRODUCTION AND PLACEMENT,media
MAIL SERVICES,administrative
MEDIA BUY AND PRODUCTION,media
RADIO AD BUY,media
TV AD,media
RADIO AD BUY (ESTIMATE),media
MEDIA PRODUCTION COSTS - ESTIMATE,media
TV MEDIA SCHEDULE,media
RADIO PLACEMENT,media
MEDIA PURCHASE,media
MEDIA BUY DIGITAL,media
TV AD BUY & PRODUCTION COSTS,media
POSTAGE / PRINTING / PRODUCTION,administrative
VOTER CONTACT PHONES: SYSTEM & PERSONNEL,field
RADIO ADS,media
RADIO ADVERTISING AND PRODUCTION; ALSO SUPPORTS NEWT GINGRICH,media
TV & INTERNET ADS,media
TELEVISION ADVERTISING BUY,media
"TV, RADIO & DIGITAL ADS",media
MEDIA BUY AND PRODUCTION (ALSO OPPOSES JOE BACA),media
MEDIA PLACEMENT AND PRODUCTION,media
ADVERTISING-TV PLACEMENT (VOTED FOR),media
DOOR TO DOOR VOTER CONTACT,field
MEDIA PLACEMENT - ALSO OPPOSES KASICH AND RUBIO,media
RADIO AD,media
TV / MEDIA PRODUCTION,media
POSTAGE PRINTING/PRODUCTION,administrative
TELEVISION AD PLACEMENT & PRODUCTION,media
STAFF SALARIES,administrative
AD BUY,media
IN KIND STAFF,administrative
TV AD PLACEMENT,media
DIGITAL AD BUY,digital
TELEVISION AD,media
VOTER CONTACT PHONES: PERSONNEL,field
TV MEDIA PLACEMENT,media
RADIO MEDIA PLACEMENT,media
RADIO ADVERTISING; ALSO OPPOSES MITT ROMNEY,media
MEDIA PLACEMENT FOR NATIONAL BUY ON FOX NEWS-ALSO OPPOSE KASICH RUBIO AND CHRISTIE,media
MEDIA PLACEMENT - DIGITAL,digital
PRINTING,administrative
RADIO ADVERTISING BUY,media
TV BROADCAST,media
TV AND INTERNET ADVERTISING,digital
MEDIA BUY - TV/CABLE,media
TV/DIGITAL ADVERTISING,digital
"MEDIA PRODUCTION, CREATIVE AND FOCUS GROUP",media
TV/MEDIA PRODUCTION,media
ADVERTISING - MEDIA PLACEMENT (ESTIMATE),media
"MEDIA PRODUCTION, CREATIVE AND PLACEMENT",media
MAILER AND POSTAGE,administrative
SERIES OF MAILERS,administrative
MEDIA BUY AND PRODUCTION (ALSO OPPOSES DANIEL WEBSTER),media
DIGITAL MEDIA,digital
MEDIA BUY TV & CABLE,media
MEDIA DIGITAL ADVERTISING BUY,digital
TV/CABLE PLACEMENT,media
MEDIA PLACEMENT-ALSO OPPOSES TRUMP AND CRUZ,media
ADVERTISEMENT,media
MAIL,administrative
TV AD FACTORY AND NOT TELLING,media
DIRECT MAIL PRODUCTION,fundraising
DIGITAL MEDIA PLACEMENT,digital
PHONE BANKS,polling
POSTAGE/PRODUCTION FOR POSTCARDS,administrative
PAC ADVERTISING,media
EST. PAYMENT FOR SALARY AND OTHER CANVASS-RELATED EXPENSES FROM 9/17-10/5,field
MEDIA PLACEMENT - TV/CABLE/DIGITAL,digital
DIRECT MAIL POSTAGE,fundraising
TV AD BUY AND PRODUCTION,media
CANVASSING EXPENSES,field
MEDIA PLACEMENT-ALSO OPPOSES TRUMP,media
TV/RADIO AD PLACEMENT,media
TV ADVERTISEMENT,media
RADIO ADVERTISEMENT,media
ADD TO EXISTING TV AD AIR BUY,media
TELEPHONE CALLS,field
TV AD COMMITTEE,media
ADVERTISING - MEDIA,media
STAFFING AND SERVICES FOR FIELD CANVASSERS,field
VOTER OUTREACH,field
TV ADS,media
VOTER CONTACT CALLS,field
PRODUCTION AND TIME FOR TV AD,media
"TV ADVERTISING OF 'PREDATORY', 'TALK', 'RIGGED', 'DISAPPEARED', 'WRONG'",media
TELEVISION ADVERTISEMENT PRODUCTION AND MEDIA BUY - 'HEADLINES',media
MEDIA PRODUCTION COSTS,media
"TV AND DIGITAL MEDIA SUPPORTING JOE HECK, GENERAL, 5/31 - 6/24.",digital
TV MEDIA BUY,media
MEDIA BUY - TV & CABLE,media
POSTAGE FOR MAIL PIECE,administrative
MEDIA BUY; ALSO OPPOSES RICK SANTORUM,media
MEDIA PRODUCTION ESTIMATE,media
ADWORDS ADVERTISING,digital
FIELD CANVASS CONSULTING (ESTIMATE),field
TV ADVERTISING OF 'LEADER',media
MEDIA PLACEMENT-NATIONALLY DISSEMINATED,media
DIGITAL ADS,digital
EST. PAYMENT FOR SALARY AND OTHER CANVASS-RELATED EXPENSES FROM 10/6-10/20,field
VOTER CONTACT COMMUNICATIONS,field
FLORIDA FIRST TELEVISION ADVERTISEMENT,media
TELEVISION AND RADIO PRODUCTION AND MEDIA BUY -- 40 YEARS AND EXPLORATION,media
"CREATIVE, PRODUCTION, MEDIA BUY",media
MEDIA ADVERTISING,media
"MEDIA SCHEDULE, TV",media
ADVERTISING-PLACEMENT OF WEB ADS (NEW IDEAS & TICK TOCK),digital
"DIGITAL AD PLACEMENT, PRODUCTION COSTS",digital
PRODUCTION,media
EST. PAYMENT FOR SALARY AND OTHER CANVASS-RELATED EXPENSES FROM 10/21-11/6,field
MEDIA PLACEMENT - ALSO OPPOSES RUBIO NATIONAL CABLE BUY ON FOX NEWS CHANNELS,media
VIDEO PRODUCTION,digital
MEDIA BUY AND PRODUCTION; ALSO OPPOSES DEBORAH HALVORSON AND TOI HUTCHINSON,media
TELEVISION,media
CANVASING,field
CANVASSING AND ORGANIZING SERVICES,field
MEDIA PLACEMENT - ALSO OPPOSES RUBIO & KASICH,media
TV AD PLACEMENT: REAL SOLUTIONS,media
MEDIA BUY - TV,media
"TELEVISION, SOCIAL AND ONLINE MEDIA BUY",digital
TELEVISION PRODUCTION AND MEDIA BUY - DIRTY HANDS,media
PRINTING/PRODUCTION POSTAGE,administrative
TELEVISION ADVERTISING (PLACEMENT COSTS),media
TV AD PLACEMENT: A NEW PATH,media
"VIDEO PRODUCTION, AIRTIME (TV & CABLE)",media
MEDIA BUY; ALSO OPPOSES BARACK OBAMA,media
DIRECT MAIL - POSTAGE,fundraising
RADIO / MEDIA PLACEMENT,media
MEDIA PLACEMENT & PRODUCTION,media
RADIO BUY,media
MEDIA PRODUCTION/PLACEMENT,media
TV ADVERTISEMENT.,media
TELEVISION AD PLACEMENT,media
TV AD PLACEMENT (FLOOD OF LIES),media
TELEVISION MEDIA BUY - 'HEADLINES',media
ADVERTISING SERVICES,media
MEDIA PLACEMENT - TV/CABLE,media
MEDIA PLACEMENT - ALSO OPPOSES TRUMP CRUZ & RUBIO,media
MEDIA BUY-TV,media
NATIONAL RADIO ADVERTISING,media
MEDIA BUY RADIO,media
"MEDIA BUY, TV & CABLE",media
LITERATURE,field
POLLING,polling
MEDIA PLACEMENT - CABLE (NATIONAL),media
TELEVISION PRODUCTION AND MEDIA BUY - PLAN,media
IE-DUCKWORTH-MEDIA BUY,media
MEDIA TIME TO AIR TELEVISION ADVERTISEMENT,field
VOTER CANVASS LITERATURE,field
DIRECT VOTER CONTACT,media
TV ADVERTISING BUY & PRODUCTION,media
BROADCAST TV PLACEMENT,media
MAIL PIECE,administrative
T.V. OR CABLE AIRTIME AND PRODUCTION COSTS,media
EST. PAYMENT FOR SALARY AND OTHER CANVASS-RELATED EXPENSES FROM 10/21-11/2,field
TELEVISION BUY AND PRODUCTION COST - DECIDING,digital
ON LINE ADVERTISING,administrative
PHONE/MAIL COMMUNICATION,administrative
BROADCAST AND CABLE TV,media
INTERNET ADS,digital
ADVERTISING-TV PLACEMENT (SO MANY THINGS),media
TV ADVERTISING (PLACEMENT COST),media
MEDIA BUY - CANDIDATE SPECIFIC,media
TELEMARKETING FUNDRAISER,fundraising
PRODUCTION AND MEDIA BUY,media
TV AD PLACEMENT (MCGINTY CORPORATE SUBSIDIES),media
ADVERTISING - DIGITAL,digital
TV AD BUY AND PRODUCTION COSTS,media
DIGITAL MEDIA BUY AND PRODUCTION,digital
ESTIMATED COST FOR DIGITAL ADVERTISING BUY,digital
TELEMARKETING,field
GOTV CALLS,field
CABLE AND RADIO ADVERTISING,media
ON LINE ADVERTISING COST,digital
PRINTED ADVERTISING FOR MAILING,media
VOTER CONTACT PHONES,field
ONLINE VIDEO PRODUCTION COSTS,digital
TIME FOR TV AD,media
"TV AND DIGITAL MEDIA MAGGIE'S BIG GOVERNMENT OPPOSING MAGGIE HASSAN, 5/20 - 6/1.",media
"TV AND DIGITAL ADVERTISEMENT OPPOSING PATRICK MURPHY, JULY 6 - 15.",media
"TELEVISION MEDIA OPPOSING TED STRICKLAND, 8/11 - 9/8.",media
BROADCAST/CABLE ADVERTISING RUNNING 10/24/12 - 10/30/12.,media
INTERNET WEB AD - 'WHAT AMERICA WILL YOU LEAVE ME?',digital
TV AD FOOLED,media
TIME PURCHASE FOR TV ADVERTISING,media
MEDIA BUY; ALSO OPPOSES NEWT GINGRICH AND SUPPORTS MITT ROMNEY,media
FIELD CAMPAIGN CONSULTING,consulting
TV AD BEST,media
PAID COMMUNICATION - MAIL,administrative
EMAIL AND INTERNET ADVERTISING; ALSO SUPPORTS NEWT GINGRICH,digital
"TV ADVERTISEMENT THE KING SUPPORTING THOM TILLIS, 9/30 - 10/13.",media
TV PRODUCTION AND BUY,media
IE-TISEI-MEDIA BUY,media
MEDIA PLACEMENT - TELEVISION,media
ESTIMATED COST FOR CANVASSING SERVICES FROM 10/31-11/6,field
PHONE BANKING,polling
MEDIA PLACEMENT - SATELLITE,media
PRODUCTION AND TIME BUY FOR TV AD,media
TELEVISION PRODUCTION AND MEDIA BUY - NO GO,media
"MEDIA OPPOSING KATIE MCGINTY, 09/15/16 - 09/30/16",media
MEDIA RADIO ADVERTISING BUY,media
IE-STENBERG-MEDIA BUY,media
MEDIA PLACEMET,media
"LABOR, POSTAGE, AND PRINTING FOR POSTCARDS",administrative
TELEVISION AD BUY - 'VOTE',media
TELEVISION AD BUY - 'ONE IN EIGHT',media
TELEVISION AD BUY - 'ONE AND EIGHT' AND 'THREE DAYS',media
RADIO ADVERTISEMENTS,media
BROADCAST MEDIA PLACEMENT,media
EST. PAYMENT FOR SALARY AND OTHER CANVASS-RELATED EXPENSES FROM 7/29-8/31,field
"TV ADVERTISING OF 'PREDATORY', 'TALK', 'RIGGED', 'DISAPPEARED', 'WRONG' - ESTIMATE",media
TV ADVERTISING PRODUCTION AND TIME,media
RADIO AD WALK THE WALK,media
TV PLACEMENT (BRUCE'S STORY),media
AD PRODUCTION,media
"TV AND DIGITAL ADVERTISEMENT POWER OPPOSING MARK UDALL, 9/4 - 9/17.",digital
MAILERS,administrative
IE-MCDANIEL-MEDIA BUY,media
DOOR HANGERS,field
TELEVISION ADVERTISING OF 'QUESTION',media
STAFF SALARY,administrative
MEDIA PLACEMENT-ALSO OPPOSE KASICH AND CHRISTIE,media
MEDIA BUY  - 'GOING HOME',media
TELEVISION PRODUCTION AND MEDIA BUY - CAN'T AFFORD,media
ONLINE ADS,digital
"TV, RADIO & DIGITAL ADS TO BE BROADCAST 10/14 &10/17",media
MEDIA BUY & PRODUCTION,media
BILLBOARDS,media
"ADVERTISING - TV - ALSO OPPOSES RUBIO, TRUMP",media
MAILER AND POSTAGE (ESTIMATE),administrative
DIGITAL ADVERTISING BUY,digital
E-MAIL LIST RENTAL,digital
IN-KIND: EST. PAYMENT FOR SALARY AND OTHER CANVASS-RELATED EXPENSES FROM 10/1-11/6/12,field
SOCIAL MEDIA PLACEMENT: REAL SOLUTIONS,digital
TV AD PRODUCTION,media
NATIONAL CABLE MEDIA BUY,media
TELEVISION PRODUCTION AND MEDIA BUY - IMAGINE,media
"BROADCAST/CABLE ADVERTISEMENTS RUNNING FROM OCTOBER 16, 2012 TO OCTOBER 23, 2012.",media
TV AD AROUND THE WORLD,media
TELEVISION AND DIGITAL MEDIA BUY - 'NEWTOWN',digital
DIRECT MAIL PRODUCTION AND POSTAGE,fundraising
TV AD 'FAMILY',media
ADVERTISING - PLACEMENT OF WEB AD (VOTED FOR),digital
"MEDIA PRODUCTION, PLACEMENT",media
PRODUCTION AND TIME BUY FOR RADIO AD,media
TV ADVERTISEMENT STARTING 8/30/16,media
T-SHIRTS,field
CANVASS,field
TV AD INSIDER & BY THE NUMBERS,media
TELEVISION PRODUCTION AND MEDIA BUY - WHAT,media
TV AD 'BEHIND',media
AD BUY - NV 'I'M ONE',media
ADDITIONAL TV AD BUY,media
TV PURCHASE,media
TELEPHONE VOTER CONTACT,polling
TV AD AIR BUY PRODUCTION COSTS TOUGH GUY,media
"POSTAGE, PRINTING / PRODUCTION",administrative
TV AD FACTORY,media
ESTIMATE: PHONE CALLS,administrative
TV AD PLACEMENT (DEFEAT 'PAY-MORE' PATRICK),media
WEB ADVERTISING,digital
ONLINE VOTER CONTACT,digital
DIRECT MAIL SERVICES AND POSTAGE; DISSEMINATION DATE 05/24/2016,fundraising
ADVERTISING - TELEVISION,media
TV AIR TIME PURCHASE,media
TV AD ('DEFEAT 'PAY-MORE' PATRICK'),media
DIRECT MAIL EXPENSE,fundraising
TV ADS - GAMBLE,media
TELEVISION AD PRODUCTION AND MEDIA BUY - AMERICAN ENERGY,media
NATIONAL GOTV TV AND DIGITAL AD BUY,field
ROBO CALLS,field
PRODUCTION AND PLACEMENT FOR TV ADVERTISING,media
SALARY,administrative
TELEVISION AND ON-LINE ADVERTISING,digital
PAYMENT FOR VOTER CONTACT PROGRAM,field
MEDIA BUY; ALSO OPPOSES RICK PERRY,media
TV - 'SIDE',media
TELEVISION AND RADIO ADVERTISING,media
"MAIL PRODUCTION COSTS, POSTAGE",administrative
OUTDOOR ADVERTISING,media
SOCIAL MEDIA PLACEMENT: FED UP,digital
VOTER OUTREACH & PRINTING,field
RADIO AD PLACEMENT,media
VIDEO PRODUCTION (ESTIMATE),digital
TELEVISION MEDIA BUY - 'ONE IN 8',media
ADVERTISING/TV,media
TV AD & PRODUCTION COSTS,media
MEDIA PLACEMENT-ALSO OPPOSE BUSH AND CLINTON,media
MEDIA BUY TV AND CABLE,media
TELEVISION AND DIGITAL ADVERTISEMENT PRODUCTION AND BUYS,media
DIGITAL MEDIA PRODUCTION/PLACEMENT,digital
BROADCAST/CABLE AND DIGITAL ADVERTISING,digital
MEDIA - NON-CONTRIBUTION ACCOUNT,media
PHONE BANK,polling
TV AND DIGITAL AD,digital
ROBOCALLS,field
RESEARCH,consulting
MEDIA/TV PLACEMENT,media
"TELEVISION ADVERTISING (ALSO OPPOSES ROMNEY, GINGRICH)",media
IE-CRUZ-MEDIA BUY,media
CABLE ADVERTISING (PLACEMENT),media
RADIO TV & ONLINE ADS 'REPUBLICANS',media
"TV AND DIGITAL ADVERTISEMENT ALASKA ENDORSEMENT SUPPORTING DAN SULLIVAN, 10/3 - 10/14.",digital
"TV AND DIGITAL ADVERTISEMENT ALASKA ENDORSEMENT OPPOSING MARK BEGICH, 10/3 - 10/14.",digital
"TV, RADIO AND DIGITAL NEVER BACKING DOWN IN SUPPORT OF TODD YOUNG, 3/28 - 5/3.",digital
TELEVISION BUY AND PRODUCTION COST - THE EXPRESS,media
TV AD GREED,media
TV AD PRODUCTION & PLACEMENT: DELPHI,media
"MEDIA OPPOSING KATIE MCGINTY, 10/27 - 11/8.",media
"MEDIA OPPOSING JASON KANDER, 10/21 - 11/8.",media
INTERNET AD & TV AD GREED,digital
TV AD FELONY,media
ESTIMATED COST FOR CANVASSING SERVICES FROM 10/24-10/30,field
VOTER CONTACT MAIL - RYAN BOOKLET,field
TV  AD BUY,media
NATIONAL RADIO AND EMAIL ADVERTISING; ALSO OPPOSES MITT ROMNEY,digital
TV ADVERTISING OF 'CHOICE' - ESTIMATE,media
PRINTING & POSTAGE,administrative
PRINTING / POSTAGE,administrative
ONLINE/DIGITAL ADS & PRODUCTION,digital
TV AD PLACEMENT ('FLOOD OF LIES'),media
"RADIO AD AIR BUY, PRODUCTION COSTS",media
TV & CABLE MEDIA BUY,media
TV AD CAME FROM,media
PRINTING FOR MAILPIECE,administrative
RADIO AND EMAIL ADVERTISING; ALSO OPPOSES MITT ROMNEY,media
MEDIA BUY - CABLE (NATIONAL),media
MEDIA PRODUCTION & TIME BUY,media
ADD TO TV AD AIR BUY,media
STAFFING AND SERVICES FOR FORTY FIELD CANVASSERS,field
EST. PAYMENT FOR SALARY AND OTHER CANVASS-RELATED EXPENSES FROM 9/6-9/30,field
EST. PAYMENT FOR SALARY AND OTHER CANVASS-RELATED EXPENSES FROM 10/1-11/6,field
TV AD MOM,media
TV AD PLACEMENT: JANESVILLE,media
RADIO PRODUCTION AND BUY,media
PRINTING - ESTIMATE,administrative
VOTER CONTACT-TELEPHONE CALLS,field
MEDIA BUY TV AND RADIO,media
MEDIA BUY - TV/CABLE/RADIO/DIGITAL,media
MAILINGS,administrative
EST. PAYMENT FOR SALARY AND OTHER CANVASS-RELATED EXPENSES FROM 9/1-9/16,field
VOTER CONTACT PHONES: SYSTEM,field
RADIO MEDIA BUY,media
"TV AND DIGITAL ADVERTISEMENT KINGSTON JOBS SUPPORTING JACK KINGSTON, 4/30 - 5/20.",digital
DIGITAL WEB AD PLACEMENT (OBAMACARE),digital
FIELD WORK,field
TV AD BEHIND,media
PURCHASE OF TV TIME,media
TV/CABLE ADVERTISING BUY,media
TELEVISION BUY AND PRODUCTION COST - OWN IT,media
TV AD HALLS,media
ONLINE ADVERTISING BUY,digital
WEB VIDEO,digital
"TV AND ONLINE ADVERTISEMENT WENT, 4/30 - 5/19.",digital
TELEVISION AND RADIO PRODUCTION AND MEDIA BUY - BRING,media
"MEDIA SUPPORTING JOE HECK, 10/7 - 10/17.",media
TV AD - 'WASHINGTON CHANGE US',media
CAMPAIGN LITERATURE AND MAILINGS,field
"TELEVISION AND DIGITAL MEDIA OPPOSING KATIE MCGINTY, JUNE 8 - JUNE 30.",digital
POLLING EXPENSES,polling
TV AD - POLLUTERS,media
PHONE / MAIL COMMUNICATION,administrative
TV / MEDIA PLACEMENT,media
TIME BUY FOR TV AD,media
TELEVISION ADVERTISING & PRODUCTION OF 'CINDY',media
DIGITAL WEB AD PLACEMENT ('OBAMACARE'),digital
TV ADVERTISING AND PRODUCTION,media
TV BRAODCAST,media
TV AD AIR BUY PRODUCTION COSTS MATH,media
MEDIA BUY & MEDIA PRODUCTION COSTS - ESTIMATE,media
MOBILE ADVERTISING (PLACEMENT),digital
TELEVISION BUY AND PRODUCTION COST - FAILURE,media
INTERNET AD & PRODUCTION COSTS,digital
MEDIA DEVELOPMENT/PLACEMENT,media
ADD TO EXITSTING TV AD AIR BUY,media
DIGITAL AD BUY-ESTIMATED COSTS,digital
FLIERS,field
TELEVISION MEDIA PLACEMENT & PRODUCTION,media
TELEVISION MEDIA BUY - 'PROSECUTORS',media
EMAIL ADVERTISING,digital
IE-MCCAIN-MEDIA BUY,media
ADVERTISING EXPENSE,media
"TV AND DIGITAL ADVERTISEMENT CHUCK GRASSLEY FOR JONI ERNST SUPPORTING JONI ERNST, 9/17 - 10/7.",digital
PAC RADIO ADVERTISING,media
TELEVISION ADVERTISING OF 'LONG ENOUGH',media
WEB AD PLACEMENT (FIRE LANDRIEU),digital
ADS,media
ADVERTISING - AIR TIME,media
TELEVISION ADVERTISING OF 'WEAK',media
TELEVISION ADVERTISING OF 'BAD COMPANY',media
TV/DIGITAL ADS & PRODUCTION-ESTIMATE,digital
TELEVISION PRODUCTION AND MEDIA BUY - BROWNLEY,media
TV & ONLINE ADS 'THE MAN',digital
"TV AND DIGITAL ADVERTISEMENT DYSFUNCTIONAL SUPPORTING CORY GARDNER, 5/7 - 5/31.",digital
CABLE AND TV AD BUY,media
TV AND RADIO ADS,media
ADVERTISING - ONLINE,digital
TV ADVERTISING PRODUCTION,media
VOTER TELEPHONE CONTACT,field
PRINT ADVERTISING,media
MEDIA PLACEMENT - ALSO OPPOSES RUBIO; NATIONAL CABLE BUY ON FOX NEWS CHANNEL,media
FIELDWORK,field
AFFORD TV AD PROD & AIR TIME PURCH,media
BROADCAST ADVERTISING,media
DOOR TO DOOR CANVASS,field
INTERNET ADVERTISING; ALSO SUPPORTS MITT ROMNEY,digital
IE-KIRKPATRICK-MEDIA BUY,media
ESTIMATED COST FOR CANVASSING SERVICES FROM 10/17-10/23,field
TV AD 'FLIGHT',media
IE-WARD-MEDIA BUY,media
"TV AND DIGITAL ADVERTISEMENT STRONG SUPPORTING JACK KINGSTON, 7/8/14 - 7/22/14.",digital
"TV ADS, PRODUCTION & DISTRIBUTION 'DO AWAY WITH'",media
TV ADVERTISING (PLACEMENT),media
PHONES,administrative
DIRECT MAIL - POSTAGE & PRODUCTION,fundraising
TELEVISION ADVERTISEMENT - PRODUCTION AND MEDIA BUY,media
ADVERTISING - TV AD BUY,media
TV AD 'FANCY LITTLE LIFE',media
SUPPORT FOR IE ACTIVITY - TV BUY AND PRODUCTION,media
SUPPORT FOR IE -FIELD CANVASS STARTS 7/31/2014,field
PRODUCTION COSTS,media
VOTER CONTACT MAIL (ALSO OPPOSES ROMNEY),field
MEDIA BUY/PRODUCTION COSTS  (PA),media
"TV AND DIGITAL ADVERTISEMENT RAND PAUL SUPPORTS THOM TILLIS SUPPORTING THOM TILLIS, 10/15 - 10/24.",digital
"TV AND DIGITAL OPPOSING TED STRICKLAND, THE NUMBERS, 4/7 - 4/22.",digital
TV ADS TOTALLY UNACCEPTABLE DEADBEAT,media
TV ADS WARNING ERASED,media
TV ADS BURNED DIGNITY,media
TV ADS WRONG FOR WISCONSIN WRONG AGAIN,media
"TV ADVERTISEMENT CHICKEN DANCE OPPOSING BRUCE BRALEY, 10/22 - 11/4.",media
"TV AND DIGITAL ADVERTISEMENT BETTER WAY OPPOSING KAY HAGAN, 9/4 - 9/17.",digital
"TV AND DIGITAL ADVERTISEMENT BETTER WAY SUPPORTING THOM TILLIS, 9/4 - 9/17.",digital
TV ADVERTISING; PLACEMENT COST (ALSO OPPOSES JOHN DELANEY),media
TV AD PLACEMENT: BATTLE BORN,media
"PRODUCTION, TV AND DIGITAL ADVERTISEMENT, LOVE IN SUPPORT OF PAT TOOMEY 4/29 - 5/18.",digital
"PRODUCTION, TV AND DIGITAL FOR THREE ADS SUPPORTING JOE HECK FOR SENATE, APRIL 25 - MAY 5.",digital
"MEDIA OPPOSING EVAN BAYH, AUGUST 28 - SEPTEMBER 7",media
"MEDIA SUPPORTING TODD YOUNG, AUGUST 28 - SEPTEMBER 7",media
TV AND CABLE MEDIA BUY 10/26/12-11/5/12,media
"TELEVISION AD AIR BUY, PRODUCTION COSTS",media
TELEVISION MEDIA BUY - PROMISE,media
TELEVISION MEDIA BUY - 'PROMISE',media
TV ADVERTISING/PRODUCTION,media
TV ADVERTISING -- PRODUCTION AND PLACEMENT,media
MEDIA PRODUCTION AND PURCHASE,media
DIRECT VOTER CONTACT/DIRECT MARKETING,field
TV ADS 'BETTER PEOPLE',media
"CANVASS, BIRD-DOGGING & RALLIES",field
ADVERTISING SERVICES AND PRODUCTION,media
ADVERTISING-PLACEMENT OF WEB RADIO AD (CHANGE),digital
RADIO AD 'BOGUS',media
TV AD PRODUCTION & PLACEMENT: MOMENT,media
SALARY / BENEFITS,administrative
BROADCAST MEDIA BUY,media
MAIL PRODUCTION AND POSTAGE COSTS,media
DIGITAL AD DISTRIBUTION,digital
MEDIA BUY/PRODUCTION COSTS (CO),media
TELEVISION AND ONLINE VIDEO ADS,digital
MESSAGE PHONE CALLS,field
TV/RADIO PLACEMENT & PRODUCTION,media
MEDIA PLACEMENT - TV/DIGITAL,media
INTERNET ADVERTISING; ALSO OPPOSES MITT ROMNEY,digital
TELEVISION ADVERTISING AND PRODUCTION,media
MEDIA BUY - TV/CABLE/DIGITAL,media
TV ADS 4/30+ TIME AND PRODUCTION,media
PAID CANVASS - PERSUASION & GOTV,field
LIST RENTAL,field
TELEVISON ADVERTISING,media
TV ADVERTISEMENT PLACEMENT.,media
PRODUCTION AND POSTAGE FOR POLITICAL MAIL,administrative
SALARY AND BENFITS,administrative
PRINTING TELEPHONE CALLS & CANVASSING ESTIMATE - GOTV,field
"TV AND DIGITAL MEDIA SUPPORTING JOHN MCCAIN JUNE 23-30, 2016.",digital
RADIO ADS PAY TRADE,media
TELEVISION AND RADIO PRODUCTION AND MEDIA BUY - MAKES SENSE,media
BROADCAST AND RADIO ADVERTISING.,media
TV AND RADIO ADVERTISING,media
SERIES OF MAIL PIECES,administrative
IE-KATKO-MEDIA BUY,media
TELEVISION PRODUCTION,media
MEDIA BUY AND PRODUCTION COSTS,media
PRINTING AND POSTAGE OF MAIL PIECES,administrative
VOTER CONTACT MAIL - BLAME,field
VOTER CONTACT CALLING,field
TV AD PRODUCTION & PLACEMENT: FORM LETTERS,media
TV AD 'NICE',media
TELEVISION ADVERTISING OF 'TROUBLES',media
TV AD PRODUCTION AND AIR TIME START 9/18,media
TV AD PRODUCTION & PLACEMENT: HANDS,media
TV AD PRODUCTION & PLACEMENT: TIED,media
"MEDIA BUY, PRODUCTION, MAILING COSTS",media
MEDIA BUY - CABLE,media
STUDIO TV AD PROD & AIR TIME PURCH,media
RADIO AD - ENOUGH,media
TV AD WEAKEN US,media
TV ADVERTISEMENT 'DISHONORABLE',media
INTERNET ADVERTISING EXPENSE,digital
MEDIA BUY - CABLE/TV/DIGITAL,media
PRINTING AND POSTAGE,administrative
MEDIA BUY - CABLE/TV/DIGITAL ADVERTISING,media
MAIL PRODUCTION AND POSTAGE COSTS (ESTIMATE),administrative
"TV AND DIGITAL MEDIA SUPPORTING JOE HECK, WORKING HARD, 5/31 - 6/24.",digital
"TV AND DIGITAL MEDIA OPPOSING CATHERINE CORTEZ-MASTO, WORKING HARD, 5/31 - 6/24.",digital
"TV AND DIGITAL MEDIA OPPOSING CATHERINE CORTEZ-MASTO, WORKING HARD, BEGINS 7/5/16.",digital
TV ADS SPECIAL GENERAL AIR 1/13+,media
TELEVISION PRODUCTION; ALSO SUPPORTS NEWT GINGRICH,media
MAIL PRODUCTION COSTS POSTAGE,administrative
TV AD AIR BUY TOUGH GUY,media
AD AND WEBSITE PRODUCTION,digital
"TELEVISION AND DIGITAL MEDIA OPPOSING KATIE MCGINTY, JUNE 2 - JUNE 22.",digital
"TELEVISION AND DIGITAL MEDIA SUPPORTING PAT TOOMEY, JUNE 2 - JUNE 22.",digital
TV ADVERTISEMENT BUY AND PRODUCTION,media
ON-LINE ADVERTISING,digital
"TV, DIGITAL, MAIL AND PHONE CAMPAIGNS SUPPORTING DREW FERGUSON JULY 15 - JULY 26, 2016.",digital
DIGITAL MEDIA BUY AND PRODUCTION EXPENSE (ESTIMATED),digital
NATIONAL GOTV BUS TOUR,field
TELEVISION PLACEMENT AND PRODUCTION,media
INKIND STAFF,administrative
TELEVISION ADVERTISING OF 'DOOR',media
TELEVISION AND DIGITAL ADVERTISEMENT PRODUCTION AND BUYS -  'GUNS INTERNET',digital
TELEVISION AND DIGITAL ADVERTISEMENT PRODUCTION AND BUYS - GUNS INTERNET,digital
TV ADS 'WHAT'S THE DEAL',media
TV ADS - REGULAR GUY,media
RADIO AD CONFESSION OF JUDGEMENT,media
TV AD LONG ENOUGH,media
PAC MEDIA PRODUCTION,media
PUPIL TV AD PROD & AIR TIME PURCH,media
BROADCAST AND CABLE TELEVISION,media
TELEVISION ADVERTISEMENT PURCHASE,media
MEDIA PLACEMENT-ALSO OPPOSE TRUMP RUBIO & KASICH,media
CONTRIBUTION FOR IE-FIELD CANVASS,field
SOCIAL MEDIA,digital
SPENDING PLACEMENT\TTV PURCHASE,media
EST. PAYMENT FOR RALLY EXPENSES,field
"TV AND DIGITAL ADVERTISEMENT HERSCHEL SUPPORTING JACK KINGSTON, 5/28 - 6/17.",digital
TV SPOT FOR MI - 'DIRT',media
GOTV LIVE CALLS,field
ESTIMATED COST:  CANVASSING SERVICES,field
STANDING PLACEMENT\TTV PURCHASE,media
PUMPING IRON PLACEMENT\TTV PURCHASE,media
PLACEMENT TV PURCHASE,media
MEDIA BUY - RADIO SPOTS  (PA),media
CANVASSES,field
"TV, DIRECT MAIL, PHONES, ONLINE",media
CABLE TV BUY (TRAINED),media
IE-INNIS-MEDIA BUY,media
PRINTING AND POSTAGE OF MAIL PIECE,media
"MEDIA OPPOSING EVAN BAYH, 10/20/16 - 11/8/16.",media
"MEDIA SUPPORTING TODD YOUNG, 10/20/16 - 11/8/16.",media
MEDIA PRODUCTION / MEDIA PLACEMENT,media
CANVASING SERVICES,field
TELEVISION PRODUCTION AND MEDIA BUY - HERE,media
TELEVISION AND DIGITAL MEDIA BUY - 'GUNS INTERNET',digital
TELEVISION ADVERTISING (ALSO OPPOSES ROMNEY),media
DIRECT MAIL; ALSO SUPPORTS MITT ROMNEY,fundraising
RADIO AD AIR BUY,media
TV ADS 10/14+,media
TV PLACEMENT,media
TELEVISION ADVERTISING OF 'MINIMUM WAGE',media
DIRECT MAIL - PRINTING,fundraising
TV ADVERTISING OF 'CHOICE' & 'VOLUNTEERED'- ESTIMATE,media
CREATIVE PRODUCTION MEDIA BUY,media
RADIO ADVERTISING - ESTIMATE,media
LIST RENTAL & AUTOMATED PHONE BANKS,field
"SALARY, BENEFITS & OTHER CANVASS-RELATED EXPENSES",field
MEDIA BUY (BLACKHAWK),media
TV AD PRODUCTION & PLACEMENT: A NEW PATH,media
TELEVISION BUY AND PRODUCTION COST - MIRROR,media
"TV AND DIGITAL AD GREG ORMAN SUPPORTS OBAMA ADMINISTRATION OPPOSING GREG ORMAN, 10/15 - 10/24.",digital
BROADCASE ADVERTISING,media
MEDIA OPPOSING RUSS FEINGOLD,media
ESTIMATE: SERIES OF MAIL PIECES,field
PHONE BANK (ESTIMATE),polling
EST. PAYMENT FOR SALARY AND OTHER CANVASS-RELATED EXPENSES FROM 7/1-7/31,field
DOOR-TO-DOOR GOTV FIELD OPERATIONS,field
IE-GLENN-MEDIA BUY,media
BROADCAST AND CABLE TV ONLINE VIDEO ADS,media
MEDIA BUY- TV,media
TELEVISION PRODUCTION; ALSO OPPOSES MITT ROMNEY,media
VOTER CONTACT CALLS OVER SEVERAL WEEKS,field
MEIDA BUY TV,media
TV AD SITTING HERE,media
DOOR TO DOOR VOTER CONTACT (EST.),field
"PRINTING, POSTAGE, MAILSHOP FEES",administrative
TELEVISION MEDIA BUY,media
RADIO AND TELEVISION ADVERTISING AND PRODUCTION; ALSO SUPPORTS NEWT GINGRICH,media
"TV AND DIGITAL MEDIA OPPOSING TED STRICKLAND, BATTLING, 5/20 - 5/27.",digital
"TV AND DIGITAL MEDIA SUPPORTING ROB PORTMAN, BATTLING, 5/20 - 5/27.",digital
TV AD PLACEMENT (DEFEAT PAY-MORE PATRICK),media
DIGITAL ADVOCACY,digital
ONLINE ADVERTISING (MEDIA BUY) - ESTIMATED COST,digital
TELEVSION ADVERTISING,media
TV ADS RUN 3/24+,media
FULFILLMENT ITEMS - BOOKS,administrative
DIGITAL AD BUY AND PRODUCTION (ESTIMATED AMOUNT),digital
RADIO ADVERTISING BUY & PRODUCTION,media
MAIL AND POSTAGE,media
AD BUY - NV NUMBERS,media
MEDIA BUY (DAY),media
TV AD (DEFEAT 'PAY-MORE' PATRICK),media
BROADCAST TV,media
TELEVISION PRODUCTION AND MEDIA BUY - WASHINGTON,media
DIGITAL ADVERTISING (PLACEMENT COST),digital
TV AD 'THIRTY YEARS',media
MEDIA BUY - TV/RADIO,media
TELEVISION PRODUCTION AND MEDIA BUY - CANT AFFORD,media
IE-DEMAIO-MEDIA BUY,media
RADIO & TELEVISION ADVERTISEMENT,media
"TV ADVERTISEMENT RANDY OWEN TILLIS ENDORSEMENT SUPPORTING THOM TILLIS, 10/27 - 11/4.",media
TV / MEDIA PLACEMENT - COAL AD,media
"TV ADVERTISEMENT BROWN ENDORSEMENT SUPPORTING SCOTT BROWN, 10/20 - 11/4.",media
MASS MAILINGS,field
TV BUY - CASH,media
TV MEDIA - DEAL,media
TV MEDIA - 'DEAL',media
TELEVISION ADVERTISING OF 'FAMILY',media
MEDIA BUY BROADCAST,media
TV/CABLE/RADIO AD BUY,consulting
MAD SCIENTIST PLACEMENT\TTV PURCHASE,digital
INTERNET ADS/COMMUNICATIONS,digital
SEARCHING PLACEMENT TV,media
WEB AD PLACEMENT (FIRE HAGAN),digital
TELEVISION PRODUCTION - ESTIMATE,media
CANVASSING-ESTIMATED COSTS,field
MEDIA BUY/    PRODUCTION COSTS (CO),media
TV AD PRODUCTION & PLACEMENT: WORK HARD,media
GOTV PHONE CALLS,field
CANVASSERS,field
IE-GARCIA-MEDIA BUY,media
TV AD PLACEMENT: 'MODERATE',media
TV PRODUCTION,media
"TV AND DIGITAL ADVERTISEMENT LEARN OPPOSING TED STRICKLAND, 7/7 - 7/16.",digital
PAID MEDIA - TV AD,media
MEDIA FIRM PAYMENT,media
TV AD/PRODUCTION,media
ONLINE ADVERTISING-ALSO OPPOSES TRUMP,digital
TV AD - 'DIDN'T TAKE LONG',media
RADIO AD PLACEMENT: ENOUGH,media
"MAIL COSTS, POSTAGE",administrative
PAYMENT FOR SALARY AND OTHER CANVASS-RELATED EXPENSES FROM 7/29-8/31,field
EMAIL AND INTERNET ADVERTISING,digital
TV AD PRODUCTION & PLACEMENT: PROMISES,media
RADIO AD BUYS,media
TV AD PRODUCTION & PLACEMENT: PAPER,media
MEDIA BUY - TV AND DIGITAL,media
ONLINE MEDIA BUY,digital
TV AD AIR BUY PRODUCTION COSTS MACHINE POLITICIAN,media
ESTIMATED CANVASSER PAYROLL,field
LIST RENTAL COSTS,field
IN KIND: EST. PAYMENT FOR SALARY AND OTHER CANVASS-RELATED EXPENSES FROM 7/1-7/31/12,field
IE-SASSE-MEDIA BUY,media
IE-DONNELLY-MEDIA PRODUCTION/PLACEMENT,media
RADIO AND EMAIL ADVERTISING,digital
VOTER CONTACT,field
MEDIA PRODUCTION ESTIMATED COSTS,media
TV & DIGITAL ADS,digital
"ADVERTISING - TV - ALSO OPPOSES TRUMP, RUBIO",media
TELEVISION ADVERTISING FOR BATTLEGROUND STATES GOTV & BUS TOUR,media
"TV AND DIGITAL ADVERTISEMENT STRONG CREDENTIALS SUPPORTING JONI ERNST, 5/28 - 6/3.",digital
"TV AND DIGITAL ADVERTISEMENT PROMISES SUPPORTING SCOTT BROWN, 9/20 - 10/3.",digital
"TV AND DIGITAL ADVERTISEMENT US SUPPORTING MITCH MCCONNELL, 5/7 - 5/20.",digital
"TV AND DIGITAL ADVERTISEMENT PROMISES OPPOSING JEANNE SHAHEEN, 9/20 - 10/3.",digital
"VIDEO PRODUCTION, PLACEMENT AND TIME PURCHASE",digital
"TV AND DIGITAL ADVERTISEMENT HUB SUPPORTING TERRI LYNN LAND, 4/30 - 5/13.",digital
"TV AND DIGITAL ADVERTISEMENT JEB BUSH SUPPORTS CORY GARDNER SUPPORTING CORY GARDNER, 10/9 - 10/19.",digital
"TV AND DIGITAL ADVERTISEMENT JOB DONE SUPPORTING BOB DOLD, 5/7 - 5/28.",digital
SOCIAL MEDIA PRODUCTION & PLACEMENT: FOUR YEARS & PROMISES,digital
TV AD 'THE BILLIONAIRES',media
TELEVISION PRODUCTION AND MEDIA BUY - FAR ENOUGH,media
"TV ADVERTISEMENT FIGHTER SUPPORTING MARK KIRK, 7/16 - 7/22.",media
"TV ADVERTISEMENT DELIVER SUPPORTING THAD COCHRAN, 6/13/14 - 6/24/14.",media
TV AD WORLD; RADIO AD ROMNEY WORLD; INTERNET AD,media
"TV AND DIGITAL ADVERTISEMENT EASY SUPPORTING STEWART MILLS, 5/7 - 5/17.",digital
"TV AND DIGITAL ADVERTISEMENT BROWN ENDORSEMENT SUPPORTING SCOTT BROWN, 9/6 - 10/3.",digital
"TV AND DIGITAL ADVERTISEMENT DELIVERING SUPPORTING PAT TOOMEY, 7/7 - 7/16.",digital
"TV AND DIGITAL ADVERTISEMENT CLOSING AGAINST CHRIS MCDANIEL, 4/15 - 4/29.",digital
PRODUCTION AND MEDIA BUY FOR TELEVISION AND RADIO - VOTE FOR JOBS,media
TV AD - 'FAMILY',media
TV AD PRODUCTION & PLACEMENT: LISTENING,media
TV AD PRODUCTION & PLACEMENT: RAISES,media
IE-CRUZ,media
ESTIMATED SEPTEMBER OUTBOUND VOTER CONTACT CALLS,field
ESTIMATED OCTOBER OUTBOUND VOTER CONTACT CALLS,field
BROADCAST TV BUY (WASTE),media
NATIONAL MEDIA BUY,media
IE-TENNEY-MEDIA BUY,media
CONSULTANTS - DIRECT MAIL,consulting
IE-ROBERTS-MEDIA BUY,media
VOTER CONTACT CALLS & TAKE2 MEDIA (8/1 - 9/21/2012),field
STAFF TIME,administrative
"TV, DIRECT MAIL, PHONES & ONLINE",fundraising
TENNESSEE AD BUYS,media
AD BUY - NV PRIVATIZE,media
DIRECT MAIL - NON-CONTRIBUTION ACCOUNT,fundraising
TV AD PLACEMENT: TRICK-SCHAUER,media
TV ADVERTISING OF 'KNOW',media
TV AND ONLINE ADVERTISING,digital
TELEVISION PRODUCTION AND MEDIA BUY - RECKLESS,media
TELEVISION PRODUCTION AND MEDIA BUY - ENOUGH,media
TELEVISION BUY AND PRODUCTION COST - HIT,media
TELEVISION ADVETISING,media
TV AND CABLE BUY - NV & CO,media
MEDIA DIGITAL AND TV ADVERTISING BUY,digital
TAX AND SPEND PLACEMENT\TTV PURCHASE,administrative
TV MEDIA PLACEMENT:  ROBBED,media
INTERNET AD,digital
TV AD PRODUCTION & PLACEMENT: FOUR YEARS,media
POSTAGE PRINT PRODUCTION DESIGN,administrative
TV AD AIR BUY PRODUCTION COSTS LAUGHABLE,media
"TV AND DIGITAL ADVERTISEMENT VOTE FOR SCOTT BROWN TV 15, 10/29 - 11/4.",digital
ADVERTISING PURCHASE,media
GOTV - ONLINE ADVERTISING,digital
"MAILING - PRINTING, POSTAGE, CREATIVE DESIGN",media
NEIGHBORS TV PURCHASE,media
ESTIMATED OCTOBER EXTERNAL DEPLOYMENT LIST RENTAL AND ONLINE VOTER CONTACT,digital
"MEDIA OPPOSING MAGGIE HASSAN, 10/21 - 10/29.",media
"MEDIA SUPPORTING KELLY AYOTTE, 10/21 - 10/29.",media
OCTOBER-NOVEMBER AD CAMPAIGN - ONLINE ADS,media
DIRECT MAIL PRODUCTION & POSTAGE,fundraising
TV ADVERTISEMENT - BATTLE BORN,media
SURVEY,polling
RADIO ADS -  ENOUGH,media
PRODUCTION OF MAIL PIECE,administrative
MEDIA PRODUCTION AND TIME BUY,media
TV SCHEDULE,media
MEDIA SCHEDULE PURCHASE,media
ESTIMATE: MEDIA BUY DIGITAL,digital
DIGITAL MEDIA PLACEMENT AND PRODUCTION,digital
IN-KIND: EST. PAYMENT FOR SALARY AND OTHER CANVASS-RELATED EXPENSES FROM 9/1-9/30/12,field
POSTAGE (ESTIMATED COST),administrative
MEDIA BUY; ALSO OPPOSES RICK SANTORUM AND SUPPORTS MITT ROMNEY,media
OUTBOUND VOTER CONTACT CALLS,field
MEIDA,media
ESTIMATED PRE-PAID AD BUY BUDGET,media
"TV AND DIGITAL ADVERTISEMENT BILL NORTHEY FOR JONI ERNST SUPPORTING JONI ERNST, 9/10/14 - 10/7/14.",digital
RADIO MEDIA BUY-ALSO SUPPORTS THOM TILLIS,media
MEDIA BUY - TELEVISION,media
PAYROLL,administrative
TV ADS - FUNDER,media
RENTAL VAN,consulting
TELEVISION PRODUCTION AND MEDIA BUY - TOP 5,media
MEDIA PRODUCTION & BUY,media
TELEVISION ADVERTISING OF PROBLEM,media
IE-OPPOSE WARD-MEDIA BUY,media
FACEBOOK ADVERTISING,digital
PRINTING AND POSTAGE (ESTIMATED),administrative
DIRECT MAIL -- FLORIDA; ALSO OPPOSES BARACK OBAMA,fundraising
"TV AND DIGITAL ADVERTISEMENT VOICE SUPPORTING MIKE COFFMAN, 5/7 - 5/27.",digital
"ANALYTICS, TV MEDIA PURCHASE",consulting
TELEVISION ADVERTISING OF 'LOVE AFFAIR' & 'PURR',media
MEDIA BUY; ALSO OPPOSES RICK SANTORUM; SUPPORTS MITT ROMNEY,media
BIRDS PLACEMENT\TTV PURCHASE,media
TV AD PRODUCTION : 'TRICK-HECK',media
SPANISH LANGUAGE TELEVISION AD,media
TELEVISION ADVERTISING OF 'MAP',media
"MEDIA PLACEMENT-NATIONALLY DISSEMINATED, ALSO OPPOSES TRUMP AND CRUZ",media
TV ADS AIR 5/20+ FOR PRIMARY RUNOFF,media
TELEVISION AD PRODUCTION AND MEDIA BUY - FAILED,media
CABLE TV BUY,media
DIRECT MAILER,fundraising
TELEVISION AD PRODUCTION AND MEDIA BUY - ITS GOOD,media
TELEVISION ADS & PRODUCTION - ESTIMATE,media
IE-FOSTER-MEDIA BUY,media
TV AD PRODUCTION COST,media
TV AD DISSEMINATION - 'FIGHTING FOR NEW HAMPSHIRE',media
BROADCAST TV BUY (TULSI),media
TELEVISION ADVERTISING & PRODUCTION OF 'TAKES CARE',media
TV AD  'PRIORITIES',media
SEARCH AD: PRESIDENTIAL,media
DIGITAL AD,digital
ONLINE AD BUY AND PRODUCTION COSTS,digital
TV AD PLACEMENT: TRICK-OLIVERIO,media
TELEVISION AD PRODUCTION,media
TELEVISION PRODUCTION AND MEDIA BUY - REAL,media
TV AND ONLINE AD,digital
ADVERTISING - INTERNET,digital
PERSUASION PHONE CALLS,field
IN-KIND:  PAYMENT FOR SALARY AND OTHER CANVASS-RELATED EXPENSES FROM 7/1-7/31,field
IE-MACK-VOTER ID MAILING,field
IE-MANDEL-VOTER ID MAILING,field
RADIO AD PRODUCTION & PLACEMENT: EVERY DAY,media
RADIO AD PRODUCTION & PLACEMENT: WORRIED,media
RADIO AD PRODUCTION & PLACEMENT: PARTY LINE,media
ADVERTISING - MEDIA PLACEMENT,media
TV AD ANYWHERE,media
RADIO AD PRODUCTION AND BUY,media
"NEW TV AD AIR BUY, PRODUCTION COSTS",media
TELEVISION PRODUCTION AND MEDIA BUY - FACT IS,media
TV & RADIO PRODUCTION AND DISTRIBUTION,media
PLACED MEDIA,media
EST. PAYMENT FOR SALARY AND OTHER CANVASS-RELATED EXPENSES FROM 6/20-6/30,field
TV MEDIA - 'LOOPHOLE',media
TV AND CABLE BUY IN PHILADELPHIA (SACRIFICE),media
PRINTING - CANVASSING LITERATURE,field
TV AD - THEIR WAY,media
ONLINE ADVERTISING SERVICES,digital
ONLINE DIGITAL ADS,digital
LODGING,administrative
SUPPORT FOR INDEPENDENT EXPENDITURE ACTIVITY - TV ADS,media
PLACEMENT FOR TV ADVERTISING (BOOTS),media
MEDIA BUY/    PRODUCTION COSTS (OH),media
NANCY PLACEMENT TV PURCHASE,media
TELEVISION MEDIA BUY - 'GUNS INTERNET',media
TV ADS - A LOT TO SAY,media
DIRECT MAIL & POSTAGE,fundraising
TV BUY - ALLIES,media
ADVERTISING - RADIO,media
NEWSPAPER AD,media
TV ADS FIELD MATERIALS OPERATIONS ETC FOR BATTLEGROUND STATES GOTV BUS TOUR,media
TELEVISION AD BUY AND PRODUCTION,media
PRODUCTION OF AD; CABLE AND TV BUY,media
TELEVISION AND DIGITAL ADVERTISEMENTS,digital
MEDIA BUY/PRODUCTION,media
TV AD PLACEMENT: TRICK-BRIGHT,media
TELEVISION AND DIGITAL ADVERTISEMENT MEDIA BUYS - 'NEWTOWN',digital
TELEVISION AND DIGITAL ADVERTISEMENT MEDIA BUYS - NEWTOWN,digital
DIRECT MAIL ADVERTISEMENTS.,fundraising
TELEVISION ADVERTISING PRODUCTION,media
TV ADS - WAY OUT,media
VOTER CONTACT OVER SEVERAL WEEKS,field
PHONE CALLS/PRINTING/LIT. DISTRIBUTION,field
'INSIDER BARBER' AND 'CLEAR' TELEVISION ADVERTISEMENTS,media
"TV AND DIGITAL ADVERTISEMENT US SUPPORTING MITCH MCCONNELL, 10/28 - 11/3.",digital
"TV AND ONLINE ADVERTISEMENT JOLLY SUPPORTING DAVID JOLLY, 2/4 - 3/11.",digital
TELEVISION BUY AND PRODUCTION COST - MAINERS KNOW,media
TELEVISION PRODUCTION AND MEDIA BUY - CAN'T GAMBLE,media
"TV ADVERTISEMENT JUDGMENT AGAINST ALEX SINK, 2/6 - 3/11.",media
"TV ADVERTISEMENT STAMP AGAINST ALEX SINK, 2/28 - 3/10.",media
"TV AND DIGITAL ADVERTISEMENT BATTLE SUPPORTING JOE HECK, 7/15 - 7/28.",digital
ADVERTISING - PLACEMENT OF WEB AD (NEW IDEAS ET AL.),digital
CONTRIBUTION FOR IE MAILERS,media
MEDIA PLACEMENT - NATIONAL CABLE BUY ON FOX NEWS AND MSNBC,media
MEDIA BUY - RADIO AD (PA),media
TELEVISION BUY - 10/25/2012,media
IE-RUIZ-MEDIA BUY,media
TELEVISION ADVERTISING OF 'FORGET',media
RADIO AND ONLINE ADVERTISING,digital
MEDIA PLACEMENT - RADIO,media
CANVASSING SALARY & BENEFITS,field
POSTAGE FOR MAIL LPIECE,administrative
GENERIC CMTE. MEDIA BUYS,media
TELEVISION ADVERTISING OF 'BETRAYED',media
ONLINE DIGITAL MEDIA BUY,digital
IE-MCCONNELL-MEDIA BUY,media
GRASSROOTS OUTREACH & LITERATURE,field
VOTER OUTREACH CALLS,field
FLORIDA FIRST DIGITAL ADVERTISEMENT,digital
GRASSROOTS MATERIAL & DISTRIBUTION,field
WEB MEDIA,digital
TELEVISION PRODUCTION AND MEDIA BUY - SEVERE,media
TELEVISION PRODUCTION AND MEDIA BUY - BROKEN TRUST,media
TELEVISION ADVERTISING OF 'DOCTOR'S ORDERS',media
DIGITAL WEB AD ('SPECIAL INTERESTS'),digital
TV AD - PREPARED,media
TV AD DISTRIBUTION,media
"MEDIA PRODUCTION, PLACEMENT & CREATIVE",media
NEWSPAPER ADVERTISING,media
FUNDRAISING PHONE CALLS (EST),fundraising
DISTRIBUTION OF CANVASS LITERATURE,field
RADIO/DIGITAL ADS,digital
RADIO ADVERTISEMENT & PRODUCTION,media
MEDIA EXPENSE,media
RADIO,media
ADVERTISING-TV; PRODUCTION,media
CONSULTING SERVICES,consulting
ONLINE ADVERTISING-ALSO OPPOSES TRUMP AND CRUZ,digital
TELEVISION PRODUCTION AND MEDIA BUY - WRONG,media
CANVASS - 10/10 TO 11/06,field
TELEVISON ADVERTISING OF 'LOVE AFFAIR',media
TV ADS 'PROCEDURE AP',media
IE-NELSON-CANDIDATE BOOKS,media
GET OUT THE VOTE PHONE CALLS,field
IN KIND:  EST. PAYMENT FOR SALARY AND OTHER CANVASS-RELATED EXPENSES FROM 8/1-8/31,field
TELEVISION ADVERTISING OF 'PROFITS',media
POSTAGE PRINTING A SPECIAL MESSAGE FROM LEE IACOCCA,media
ADVERTISING - PRODUCTION,media
MEDIA PRODUCTION & AIRTIME,media
MEDIA PLACMENT-ALSO OPPOSE BUSH & CLINTON,media
TELEVISION ADVERTISING AND BUY,media
TV ADS AIR 6/2+,media
INDEPENDENT EXPENDITURE,fundraising
VOTER CONTACT & ID (EST. COST),field
TV ADVERTISING AND PRODUCTION - ESTIMATE,media
TELEVISION ADVERTISING & PRODUCTION OF BEFORE.,media
POSTAGE FOR POSTCARDS,administrative
TARGETED DIRECT MAIL 11/03 - GOTV,fundraising
PRINT 4 COLOR CARDS,media
IE-ERNST-MEDIA BUY,media
RADIO MEDIA PLACEMENT AND PRODUCTION,media
CONSULTANT - AD BUY,consulting
MEIDA BUY,media
ADD TO EXISTING TV AD AIR BUY REPORTED ON 4/12/12,media
AERIAL BANNERS,media
RADIO ADS 08/31 - 09/12,media
MEDIA PLACEMENT / MEDIA PRODUCTION,media
ONLINE ADVERTISING OF RIGGED - ESTIMATE,digital
MEDIA PLACEMENT: ALSO OPPOSE HILLARY CLINTON,media
FIELD CANVASSING CONSULTING,field
INTERNET ADVERTISING & WEBSITE,digital
TV AD PLACEMENT: 'TRICK-HERSETH SANDLIN',media
GOTV VOTER CONTACT,field
VEHICLE RENTAL,administrative
MEDIA PLACEMENT-NATIONAL,media
MAIL PIECE PRODUCTION AND POSTAGE-ESTIMATED COSTS,administrative
"PRINTING, POSTAGE AND MAILSHOP EXPENSES",administrative
PARTNER TV AD CAMPAIGN,media
RADIO ADVERTISING (PLACEMENT),media
GOTV ROBO CALLS,field
"RADIO AD, IE DISSEMINATION 10/8/12",media
AGENCY FEES - CONSULTING,consulting
ONLINE AD BUY,digital
ESTIMATED COST FOR CANVASSING SERVICES FOR 10/10-10/16,field
TELEVISION ADVERTISING AND MEDIA BUYS,media
MEDIA PRODUCTION COST,media
DIGITAL MEDIA PRODUCTION,digital
IE-MOURDOCK-VOTER ID CALLS,field
IE-HAYWORTH-MEDIA BUY,media
"TV AND DIGITAL ADVERTISEMENT RAISED SUPPORTING CHRIS GIBSON, 5/7 - 5/17.",digital
"TV AND DIGITAL ADVERTISEMENT RIGHT SUPPORTING RICHARD TISEI, 5/7 - 5/17.",digital
TV AND DIGITAL ADVERTISEMENT TILLIS ENDORSEMENT TV 30 SUPPORTING THOM TILLIS 10/30 - 11/4.,digital
"TV AND DIGITAL ADVERTISEMENT FIX SUPPORTING JOE HECK, 5/7 - 5/20.",digital
"TV AND DIGITAL ADVERTISEMENT FIGHTER SUPPORTING KELLY AYOTTE, 7/22 - 7/31.",digital
"TV ADVERTISEMENT OPPOSING RUSS FEINGOLD, GIVE AND TAKE MAY 20 - JUNE 13.",media
"TV ADVERTISEMENT SENSIBLE SUPPORTING RICHARD TISEI, 10/23 - 10/29.",media
"TV AND DIGITAL ADVERTISEMENT EARNED SUPPORTING DAVID JOYCE, 4/16 - 5/6.",digital
"TV AND DIGITAL ADVERTISEMENT DEFEAT AIMEE BELGARD OPPOSING AIMEE BELGARD, 10/15 - 10/26.",digital
"TV ADVERTISEMENT SUPPORTING RON JOHNSON, GIVE AND TAKE MAY 20 - JUNE 13.",media
MEDIA BUY - 'REAL PEOPLE',media
MEDIA BUY + AD PRODUCTION,media
TV AND DIGITAL PLACEMENT AND PRODUCTION,digital
ADVERTISING PRODUCTION,media
INTERNET AD COSTS,digital
MEDIA BUY TV & RADIO,media
IE-MACK-SIGNAGE,field
PRINTING/BROCHURES,field
ADVERTISING PRODUCTION AND PLACEMENT,media
TV AD PLACEMENT: 'BACK HOME',media
MAIL PIECE PRODUCTION AND POSTAGE,administrative
"MEDIA BUY, CABLE & RADIO",media
MEDIA BUY:  TELEVISION ADVERTISEMENT,media
TV ADS PRODUCTION & PLACEMENT: SECURITY & DECISION,media
MEDIA TIME,media
TV MEDIA PURCHASE,media
"TV AND DIGITAL MEDIA OPPOSING TED STRICKLAND JUNE 23-JULY 8, 2016.",digital
"TV AND DIGITAL MEDIA SUPPORTING ROB PORTMAN JUNE 23-JULY 8, 2016.",digital
TELEVISION ADVERTISING OF 'LAW' AND 'PICTURE',media
MEDIA BUY/PRODUCTION COSTS (OH),media
TELEVISION ADVERTISING & PRODUCTION OF 'CYNTHIA',media
PRINTING OF POSTCARDS,administrative
"FEDERAL AD MAILER PRODUCTION, PRINTING AND POSTAGE",media
POSTCARDS,administrative
'COMMON-2' TV ADVERTISEMENT,media
ONLINE ADVERTISING PRODUCTION,digital
NATIONAL FIELD OPERATIONS SERVICES AND STAFF,field
TELEVISION ADS STARTING 10/07/2010 AND RUNNING THROUGH 10/13/2010.,media
VIDEO PRODUCTION & DIGITAL ADS,digital
TV AD PLACEMENT: TRICK-MARSHALL,media
TV AD PLACEMENT: 'LAPDOG',media
LATINO MEDIA AD BUY,media
TV AD PRODUCTION & PLACEMENT: TOMORROW 2,media
TV AD PLACEMENT: 'STOPWATCH',media
IE-MACK-DIRECT MAIL,fundraising
MEDIA-TV,media
TELEVISION MEDIA BUY - 'NEWTOWN',media
MEDIA BUY FOR RADIO AD,media
ADVERTISING SERVICES AND COMMUNICATIONS,media
ESTIMATED PRE-PAID AD BUY BUDGET FOR MONTH BEFORE PRIMARY,administrative
LEADERSHIP ONLINE AD PLACEMENT,digital
SUPPORT FOR INDEPENDENT EXPENDITURE ACTIVITY - TV BUY,media
DIGITAL MEDIA BUY,digital
CREATIVE AND DEPLOYMENT SERVICES,consulting
MOBILE ADVERTISING,digital
"CREATIVE, PRODUCTION AND MEDIA BUY",media
MEDIA BUY-DIGITAL,digital
IE-STEFANIK-MEDIA BUY,media
BILLBOARD,media
MEDIA PLACMENT,media
TELEVISION ADVERTISING OF 'PROBLEM',media
"TV AND DIGITAL ADVERTISEMENT SULLIVAN, 4/30 - 5/13.",digital
CAVASSING SERVICES,field
MEDIA BROADCAST NH,media
MEDIA BROADCAST WI,media
TELEVISION ADVERTISING OF 'CARES ABOUT',media
"PRINTING, LABOR, AND POSTAGE FOR MAILPIECE",administrative
TELEVISION ADVERTISING OF 'CYNTHIA',media
TELEVISION ADVERTISING OF 'BEHIND CLOSED DOORS',media
CANVASSING SERVICES FROM 5/13/13-6/25/13,field
GRASSROOTS MATERIAL AND DISTRIBUTION,field
RADIO ADVERTISING OF 'EXPERT',media
RADIO ADVERTISING SCHEDULE,media
TV PRODUCTION COSTS & ONLINE MEDIA BUY,digital
ON-LINE BUY,digital
PRINT AD,media
TV AD PRODUCTION AND BUY,media
CREATIVE PRODUCTION AND MEDIA BUY,media
TELEVISION PRODUCTION AND MEDIA BUY - WORKS,media
TELEVISION PRODUCTION AND MEDIA BUY - JOB KILLER,media
CANVASSING SERVICES FROM 3/26-4/30,field
TV AD AIR BUY; PRODUCTION COSTS,media
MEDIA ADVERTISING BUY,media
TELEVISION ADVERTISING OF SKYROCKET,media
TV ADS AIRTIME - KENTUCKY,media
IE-MCCAIN-ONLINE ADS,digital
VOTER CONTACT MAILER,field
TV AD PLACEMENT: 'TRICK-HEINRICH',media
TELEVISION ADVERTISING & PRODUCTION OF 'FREE RIDE',media
PHONE SURVEY,polling
RADIO MEDIA PURCHASE,media
MEDIA BUY - 'GAS',media
"PRODUCTION, RENTAL AND SENDING OF EMAILS BEGINNING 10/31",digital
TV MEDIA BUY AND PRODUCTION,media
RADIO AND EMAIL ADVERTISING AND PRODUCTION,digital
FIELD CONSULTING SERVICES,field
TELEVISION PRODUCTION AND MEDIA BUY - CHARACTER,media
DIRECT MAIL PRODUCTION - ALSO OPPOSES KASICH CHRISTIE RUBIO AND TRUMP,fundraising
TELEVISION PRODUCTION AND MEDIA BUY - FAILURE,media
DIRECT MAILING ADVERTISING,fundraising
TELEVISION ADVERTISING OF BLACKBOARD,media
TV AD: CHANGED,media
AD PRODUCTION AND AIR TIME,media
TV ADS AIR 5/27+  FOR PRIMARY RUNOFF,media
IE-FLAKE-ONLINE ADS,digital
MEDIA DIGITAL AND TV ADVERTISING PRODUCTION COSTS,digital
TV AD SENIORS,media
ONLINE AD BUY AND CREATION,digital
ESTIMATE OF JULY MONTHLY LIST RENTAL FEES,consulting
TELEVISION PRODUCTION AND MEDIA BUY - RECORD OF FAILURE,media
TV AD REAL PEOPLE,media
POSTAGE FOR MAILER (ROSS KEEPING NC DOWN),administrative
ESTIMATE: ADDITION TO TV BUY,media
PAC MEDIA BUY 10/4-10/12/12,media
PERSUASION CANVASSES-ESTIMATED COSTS,field
ESTIMATED OCTOBER LIST RENTAL FEES AND ONLINE ADVERTISING,digital
ESTIMATED SEPTEMBER LIST RENTAL FEES AND ONLINE ADVERTISING,digital
ESTIMATE OF AUGUST MONTHLY LIST RENTAL FEES AND ONLINE ADVERTISING,digital
PLACEMENT AND PRODUCTION - MAILER,administrative
TV ADS 'AGAINST US',media
TV ADVERTISING OF 'MEANS',media
3 WISHES PLACEMENT TV,media
TELEVISON ADVERTISING OF 'EARTH',media
TV ADS 10/13+,media
CABLE ADVERTISING,media
'VERY GOOD'  AND 'FIRE MAFFEI' TELEVISION ADVERTISEMENTS,media
MEDIA BUY  - 'CAUGHT',media
CAMPAIGN MAIL,field
MEDIA BUY  - 'SKIPPED',media
DIGITAL ADS PLACEMENT,digital
TV AD - 'FALL',media
CANVASSING PROGRAM AND DOORHANGER DISTRIBUTION,field
BROADCAST AND CABLE TV BUY (HIGHWAY),media
"TV AND DIGITAL ADVERTISEMENT FRESH SUPPORTING ELISE STEFANIK, 9/24 - 10/1.",digital
"TV AND DIGITAL ADVERTISEMENT LONG OPPOSING AMERISH BERA, 9/5 - 9/15.",digital
"TV AND DIGITAL ADVERTISEMENT LIKE OPPOSING SEAN ELDRIDGE, 9/24 - 10/1.",digital
"TV AND DIGITAL ADVERTISEMENT JACKPOT AGAINST WOODY WHITE, 4/30 - 5/6.",digital
"TV AND ONLINE ADVERTISEMENT CAUGHT UP SUPPORTING MITCH MCCONNELL, 2/19 - 3/1.",digital
"TELEVISION AND DIGITAL MEDIA OPPOSING ANN KIRKPATRICK, MOST PROUD, MAY 25 - JUNE 3.",digital
TV ADS- COLORADO,media
"TV ADVERTISEMENT INVEST SUPPORTING DOUG OSE, 5/7 - 5/27.",media
"TV ADVERTISEMENT JUST LIKE OPPOSING ANDREW ROMANOFF, 95 - 9/18.",media
"TV ADVERTISEMENT DELIVERED SUPPORTING JOHN MCCAIN, 7/21 - 7/30.",media
"TV AND DIGITAL ADVERTISEMENT DYSFUNCTIONAL SPN SUPPORTING CORY GARDNER, 5/7 - 5/31.",digital
"TV AND DIGITAL ADVERTISEMENT ELIJAN A CORY GARDNER SUPPORTING CORY GARDNER, 10/8 - 10/26.",digital
"TV AND DIGITAL ADVERTISEMENT CRISIS SUPPORTING DAVID VALADAO, 5/7 - 5/17.",digital
PURCHASE OF MEDIA TIME FOR TV ADS RUNNING 9/6 - 9/8,media
TV AD - THANK YOU SENATOR COLLINS,media
DIRECT MAIL PRODUCTION AND POSTAGE -- THREE PIECES,fundraising
ESTIMATED SEPTEMBER EXTERNAL DEPLOYMENT LIST RENTAL AND ONLINE VOTER CONTACT,digital
ESTIMATED EXTERNAL DEPLOYMENT LIST RENTAL AND ONLINE VOTER CONTACT COSTS FOR AUGUST,digital
ESTIMATED OUTBOUND VOTER CONTACT CALLS FOR AUGUST,field
BROADCAST AND CABLE MEDIA BUY (PLEDGE),media
"ADVERTISING - DIGITAL - ALSO OPPOSES RUBIO, TRUMP",digital
MEDIA DEVELOPMENT AND PLACEMENT,media
MEDIA BUY - 'PENNY' 09/07/2010,media
MEDIA BUY - 'PENNY' 09/14/2010,media
ONLINE & TV AD BUY AND PRODUCTION COSTS,digital
ONLINE/DIGITAL ADVERTISING.,digital
IE-ALLEN-VOTER ID MAILING,field
MEDIA BUY (THE WALK),media
TELEVISION ADVERTISING FOR 'ONLY ONE',media
TV ADVERTISING - DISSEM 10/2/12,media
TELEVISION BUY,media
TELEVISION ADVERTISING OF 'AGENDA',media
ESTIMATED COST FOR CANVASSING SERVICES FOR 10/3-10/9,field
TV/INTERNET MEDIA BUY,digital
IE-GLENN-DIRECT MAIL PRODUCTION,fundraising
MEDIA BUY (TWO YEARS),media
TV AD PLACEMENT: TRICK-MCDOWELL,media
IE-SHANNON-MEDIA BUY,media
TRAVEL,travel
POSTAGE FOR MAILER (RECEIPT),administrative
TELEVISION ADVERTISING (PLACEMENT COST),media
IE-CASEY-CANDIDATE BOOKS,misc
IE-PRYOR-MEDIA BUY,media
TV ADVERTISEMENT 'DEBT',media
PAC DIRECT MARKETING,field
ESTIMATED COST: CANVASSING SERVICES 10/1-11/8,field
ONLINE DIGITAL BUYS,digital
"DIGIAL AD PLACEMENT, PRODUCTION COSTS",digital
TV AD OWES EVERYTHING,media
PARTNER TV AD BUY,media
SURVEY COSTS,polling
BUS TOUR EXPENSES,travel
TELEPHONE CALLS - ESTIMATE,media
MEDIA - TV COMMERCIAL,media
TV ADVERTISEMENT PLACEMENT: 'BEN SASSE FOR SENATE',media
MEDIA AD AND TV BUYS,media
PRODUCTION AND TIME BUY FOR TV MEDIA,media
TELEVISION ADVERTISING OF 'DECISIONS',media
"MAILING CREATIVE, PRODUCTION, AND DISTRIBUTION",media
CANVASS PAYROLL,field
MEDIA PLACEMENT-ALSO OPPOSE RUBIO,media
TV AD OUT FOR HIMSELF,media
"CREATIVE, PRODUCTION, MAIL",media
RADIO MEDIA - LOOPHOLE,media
RADIO MEDIA - COMMUNITY,media
PRINTING MAIL,administrative
'MAVERICK' ADVERTISEMENT,media
POSTAGE FOR MAILERS (ROSS KEEPING NC DOWN),administrative
RADIO & BUS SIGNS,media
PRINTING AND POSTAGE FOR MAIL PIECE,administrative
ADDITIONAL TV AD AIR BUY,media
ESTIMATE: SERIES OF MAILERS,administrative
TV AND CABLE COMMERCIALS,media
YARD SIGNS,field
TV AD PRODUCTION & PLACEMENT: REAL SOLUTIONS,media
EMAIL COMMUNICATION,digital
PAYMENT FOR SALARY AND OTHER CANVASS-RELATED EXPENSES FROM 7/1-7/31,field
PAYMENT FOR SALARY AND OTHER CANVASS-RELATED EXPENSES FROM 7/1-7/28,field
MEDIA PURCHASE LAYERS - PLACE,media
DIRECT MAIL PIECE,fundraising
IE-MACK-ONLINE ADS,digital
AUTOMATED CALLS,field
TV AD - CLEAN,media
MEDIA CONSULTING,media
RADIO BUY AND PRODUCTION,media
PRINTING OF MAIL PIECE,media
ON-LINE MEDIA BUY,digital
GOTV CALLS DEBATE MEDIA BUY DIGITAL TV,media
MEDIA BUY (TOUGH),media
"TELEVISION/RADIO AD AIR BUY, PRODUCTION COSTS",media
AD,media
TV AD - RUNNING,media
TELEVISION PRODUCTION AND CONSULTING; ALSO SUPPORTS NEWT GINGRICH,media
TV ADVERTISING OF 'DISASTROUS',media
"TV ADVERTISEMENT ERNST ENDORSEMENT SUPPORTING JONI ERNST, 10/20 - 11/4.",media
TELEVISION ADVERTISING OF 'FREE RIDE',media
DOOR TO DOOR VOTRE CONTACT,field
MEDIA PLACEMENT AND PRODUCTION - TELEVISION AD- HAD ENOUGH,media
MEDIA BUY (BACK),media
WEB AD PLACEMENT & PRODUCTION,digital
CREATION AND PLACEMENT OF SOCIAL MEDIA ADS RUNNING 10/26 - 11/1,digital
IE-DONNELLY-ONLINE ADS,digital
IE-MOURDOCK-ONLINE ADS,digital
ADD TO TV AD AIR BUY REPORTED ON 6/7/12,media
ONLINE AD COSTS,digital
MEDIA PRODUCTION & PLACEMENT,media
TELEVISION MEDIA BUY AND PRODUCTION,media
MEDIA PLACEMENT-NATIONALLY DISSEMINATED/ALSO OPPOSES TRUMP AND CRUZ,media
TELEVISION ADVERTISEMENT - 'BALANCED APPROACH',media
BUS RENTAL,travel
TV/MEDIA PLACEMENT EXTENSION,media
MEDIA TIME BUY & PRODUCTION EXPENSE,media
TELEVISION ADVERTISING OF 'GLITZ',media
VOTER CONTACT CANVASSING,field
DOOR-TO-DOOR; TELEPHONE CALLS AND OTHER GOTV EFFORT,field
TV SPOTS,media
TELEVISION ADVERTISING OF 'SUPPLIES',media
POSTAGE FOR MAILERS (OBAMACARE),administrative
TV OVERLAY MEDIA BUY,media
IE-FLAKE-VOTER MAIL,digital
IE-MOURDOCK-VOTER MAIL,media
PERSUASION PHONE BANKS,polling
PROMISES TV AIR TIME PURCHASE,media
BETS TV PRODUCTION AND MEDIA PURCHASE,media
:BETS: TV PRODUCTION AND MEDIA PURCHASE,media
CANVASSING (NY),field
MEDIA BUY/    PRODUCTION COSTS (MI),media
PHONE CALLS (ESTIMATED COST),field
ONLINE ADVERTISEMENTS,digital
TV AD PRODUCTION & PLACEMENT: CONFIDENCE,media
MEDIA BUY; ALSO OPPOSED RICK SANTORUM 4/10 - 4/11,media
TV ADVERTISING & PRODUCTION OF 'KNOW',media
AD PRODUCTION FOR TV AND RADIO; MEDIA BUYS FOR TV CABLE & RADIO IN PORTLAND ME,media
PRINTING AND SHIPPING - T-SHIRTS,administrative
IE-MANDEL-ONLINE ADS,digital
AD BROADCAST AND CABLE MEDIA BUY,media
CABLE TV AD PRODUCTION AND PLACEMENT,media
TV AD PLACEMENT: 'HYPOCRITE',media
POSTAGE FOR MAILER (KANDER OBAMACARE),administrative
WEBSITE DEVELOPMENT/WEB ADVERTISEMENTS,digital
WEBSITE DEVELOPMENT/WEB ADVERTISEMENTS SHERRODBROWNISNTWORKING.COM,digital
TV & ONLINE AD BUY & PRODUCTION COSTS,digital
IE-OBAMA-MAILING,administrative
"ESTIMATED COST: SALARY, BENEFITS & OTHER CANVASS-RELATED EXPENSES",field
VOTER RALLY,field
TELEVISION BUY AND PRODUCTION COST - DOME,media
TELEVISION AD MEDIA BUY - KAINE,media
"MAIL DESIGN/LAYOUT, PRINTING, MAIL SERVICEL, POSTAGE",administrative
POSTAGE - MAIL PIECE 1,administrative
DESIGN AND MAILING,administrative
MEDIA PRODUCTION & PLACEMENT - ORIGINAL REPORT WAS AN ESTIMATE,media
TV AD - SPEW,media
INTERNET ADVERTISING AND WEBSITE,digital
VOTER CONTACT CALLS OVER SERVERAL WKS,field
MEDIA BUY - NY 9/7/12,media
CANVASSING LITERATURE DESIGN AND PRINTING,field
IE-MANDEL-VOTER MAIL,administrative
FUTURE TV ADVERTISEMENT,media
TELEVISION ADVERTISING OF 'SWITCH',media
WEB AD PLACEMENT (FIRE UDALL),digital
"TV AND DIGITAL MEDIA OPPOSING KATIE MCGINTY, SO MAY 20 - JUNE 13.",digital
IE-WARD-ONLINE ADS,digital
TV AND DIGITAL MEDIA ADVERTISEMENT US IN SUPPORT OF MARTHA ROBY 2/17 - 3/1.,digital
"TV AND DIGITAL MEDIA EFFECTIVE CONSERVATIVE IN SUPPORT OF BRADLEY BYRNE, 2/17 - 3/1.",digital
TV AND DIGITAL ADVERTISEMENT VOTE FOR ERNST TV 15 SUPPORTING JONI ERNST 10/30 - 11/4.,digital
"TV AND DIGITAL ADVERTISEMENT HERE IN MONTANA SUPPORTING STEVE DAINES, 4/30 - 5/27.",digital
"TV AND DIGITAL ADVERTISEMENT INDEPENDENT SUPPORTING JOHN BARROW, 10/30 - 11/4.",digital
"TV, RADIO AND DIGITAL MEDIA ADVERTISEMENT REFORMER IN SUPPORT OF DAVE JOYCE, 3/1 - 3/15.",digital
"TV AND DIGITAL ADVERTISEMENT ENDORSEMENT SUPPORTING MIKE SIMPSON, 4/16 - 5/13.",digital
TELEVISION BUY AND PRODUCTION COST - PROUD,media
TELEVISION BUY AND PRODUCTION COST - STANDING,media
TELEVISION ADVERTISING & PRODUCTION OF REFUSE,media
TELEVISION BROADCAST,media
TELEVISION ADVERTISING OF REFUSE,media
TELEVISION ADVERTISING OF 'REFUSE',media
TELEVISION PRODUCTION AND MEDIA BUY - CRAZY,media
TV ADDS RUN 5/13+,media
"TV AND DIGITAL ADVERTISEMENT ELIJAN A DAVID VALADAO SUPPORTING DAVID VALADAO, 10/8 - 10/26.",digital
"TV AND DIGITAL ADVERTISEMENT ELIJAN A MARTHA MCSALLY SUPPORTING MARTHA MCSALLY, 10/8 - 11/4.",digital
ESTIMATED ONLINE VOTER CONTACT FOR JULY,digital
ESTIMATED ONLINE VOTER CONTACT FOR JUNE,digital
ESTIMATED OUTBOUND VOTER CONTACT CALLS FOR JULY,media
DIGITAL MEDIA BUY AND PRODUCTION (ESTIMATED AMOUNT),media
DIGITAL ADVERTISING (ESTIMATE),digital
CANVASSING OPERATIONS,field
MEDIA PLACEMENT - ALSO OPPOSES TRUMP; NATIONAL CABLE BUY ON FOX NEWS CHANNEL,media
MEDIA RADIO ADVERTISING BUY AND PRODUCTION COSTS,media
MEDIA BUY FOR TELEVISION ADS 9/17 - 9/19,media
IE-STRICKLAND-DIGITAL ADS-ESTIMATED,digital
TELEVISION AD PRODUCTION & MEDIA BUY,media
MEDIA BUY - NY 10/3/12,media
TELEVISION ADVERTISING FOR 'SCRATCH',media
RADIO PRODUCTION,media
IE-BROWN-CANDIDATE BOOKS,administrative
RADIO ADVERTISING OF 'SCRATCH OFF',media
RADIO AND CABLE AD BUY,media
TELEVISION ADVERTISING OF 'PUMPED',media
RADIO MEDIA BUY - REAL - PLAN - DISSEMINATED 10/28/2016,media
IE-CARMONA-ONLINE ADS,digital
ADVERTISING - PRODUCTION (ESTIMATE),media
MAIL PRODUCTION COSTS,administrative
MEDIA PLACEMENT; ALSO SUPPORTS CLAY HIGGINS,media
"DIRECT MAIL POSTAGE, PRINTING, AND MAILING",fundraising
MAILER PRODUCTION,administrative
"DIRECT MAIL POSTAGE, PRINTING, AND SALES TAX",fundraising
IE-NELSON-DIRECT MAIL,fundraising
LIST RENTAL FEES,field
AGAIN PLACEMENT TV PURCHASE,media
"PRODUCTION, PRINTING, AND POSTAGE FOR MAILER",media
TV ADVERTISING OF 'DELIVERY ROB',media
REIMBURSE STAFF SALARIES AND BENEFITS,administrative
MEDIA BUY FOR SPANISH LANGUAGE AD,media
VOTER CONTACT CALLS OVER THE NEXT FEW WEEKS,field
CABLE TV BUY (HIGHWAY),media
TELEVISION ADVERTISING AND MEDIA BUY: ALSO SUPPORTS JONI ERNST,media
ADVERTISING - PLACEMENT OF WEB ADS (NEW IDEAS & TICK TOCK),digital
TV AD 'PREY',media
ONLINE AD,digital
DIGITAL/ONLINE AD,digital
"DESIGN, PRINTING AND POSTAGE FOR MAIL",administrative
TV ADS 'ROOSTER',media
IE-DONNELLY-CANDIDATE BOOKS,administrative
MEDIA BUY/PRODUCTION COSTS (MI),media
POLITICAL ADVERTISING EXPENSES,media
"PRINTING, DESIGN, DATA, POSTAGE AND CONSULTING",consulting
VOTER MAIL,field
TELEVISION ADVERTISING OF STRUGGLE,media
TV AD PLACEMENT: COAL VA,media
PRINTING/POSTAGE,administrative
RADIO AD PRODUCTION,media
TELEVISION ADVERTISEMENT AND PRODUCTION,media
IE-NELSON-ONLINE ADS,digital
ESTIMATED COST:  T-SHIRTS,field
TV AD 'PRIORITIES',media
POSTAGE FOR MAILERS (PAY MORE PATRICK),administrative
TELEVISION AD; TABLES,media
PAYMENT FOR CANVASSING SERVICES BEGINNING ON 9/19,field
PAYMENT FOR CANVASS SERVICES STARTING ON 9/18,field
MEDIA PLACEMENT-BILLBOARDS,media
DIRECT MAILING,fundraising
SOCIAL MEDIA PLACEMENT: PROMISES,digital
DEVELOPMENT OF TV ADVERTISING,media
POSTCARD MAILER,administrative
TV AND CABLE BUY IN ROANOKE (DUTY),media
CANVASSER PAYROLL,field
MEDIA - TV ADVERTISEMENT PRODUCTION.,media
MEDIA AND PRODUCTION COSTS,media
IN-KIND - TELEVISION ADVERTISEMENT,field
WEB AD PLACEMENT (FIRE PRYOR),digital
MEDIA PLACEMENT FOR NATIONAL CABLE MEDIA BUY ON FOX CHANNELS,media
RADIO AD PRODUCTION & PLACEMENT: HACE 4 ANOS,media
PRINTING AND POSTAGE OF MAIL PIECE-ESTIMATED COSTS,media
TV/MEDIA PLACEMENT (WHAT),media
TV AD PLACEMENT 'TRICK-EDWARDS',media
"PRODUCTION, DESIGN AND POSTAGE FOR LITERATURE",media
POLLING AND SURVEY RESEARCH,polling
INTERNET COMMUNICATIONS,administrative
MAILER (ROSS KEEPING NC DOWN),media
"TV AND DIGITAL ADVERTISEMENT ISN'T IT TIME SUPPORTING BOB DOLD, 8/22/14 - 9/13/14.",digital
"TV AND DIGITAL ADVERTISEMENT ISN'T IT TIME AGAINST BRAD SCHNEIDER, 8/22/14 - 9/13/14.",digital
TV BUY AND PRODUCTION DIST 2/24,media
WEBSITE AND ONLINE VIDEO PRODUCTION & PLACEMENT,digital
TV ADS 10/20+,media
TV AD PLACEMENT: DAVID,media
TV AD PLACEMENT: NIKKI,media
WEB AD PLACEMENT (FIRE BRALEY),digital
DRTV MEDIA PLACEMENT,media
TV AD PLACEMENT 'TRICK-HILL',media
POSTAGE - MAIL PIECE 3,administrative
POSTAGE - MAIL PIECE 4,administrative
POSTAGE - MAIL PIECE 5,administrative
DIGITAL ADVERTISEMENTS,digital
ESTIMATED COST FOR CANVASSING SERVICES FOR 9/12-9/18,field
ADDITIONAL MEDIA PLACEMENT,media
TELEVISION BUY AND PRODUCTION COST - ENERGY EQUALS JOBS,media
"WAGES, TAXES, INSURANCE FOR CANVASSERS",field
FACEBOOK ADS,digital
CABLE MEDIA BUY,media
PAC VOTER ID PROGRAM,field
TV ADVERTISING & PRODUCTION OF 'DISASTROUS',media
TELEVISION PRODUCTION AND MEDIA BUY - TAX PAIN,media
TV AD PRODUCTION AND BROADCAST BUY. AD OPPOSES MARK PRYOR AND AIRS OCTOBER 10TH TO OCTOBER 16TH.,media
MEDIA BUY  - 'WORKING',media
SOCIAL MEDIA PRODUCTION & PLACEMENT: FLORIDA ENDORSEMENT,digital
TELEVISION PRODUCTION AND MEDIA BUY,media
ONLINE ADVERTISING-ESTIMATED COSTS,digital
ESTIMATED COST FOR CANVASSING SERVICES FOR 9/26-10/2,field
TV AD CHOICE,media
IE-CURBELO-ONLINE ADS-ESTIMATED,digital
TV AD PRODUCTION COSTS,media
"DIRECT MAIL, POSTAGE, SHIPPING & OVERS",fundraising
TELEVISION/RADIO ADVERTISING & PRODUCTION,media
STRATEGIC CONSULTING BUS RENTAL AND  PHONE SERVICES FOR BATTLEGROUND STATES GOTV & BUS TOUR,consulting
IE-DOLD-MEDIA BUY,media
PAYMENT FOR CANVASSING SERVICES BEGINNING ON 9/18,field
PREVIOUSLY REPORTED MEDIA BUY WITH NEW DISSEMINATION DATE  - ESTIMATE,media
IE-MCGINTY-ONLINE ADS-ESTIMATED,digital
IE-DUCKWORTH-ONLINE ADS-ESTIMATED,digital
FLORIDA FIRST MAILERS,field
VOTER CONTACT CALLS OVER THE NEXT TWO WEEKS,field
ADVERTISING PRODUCITON AND AIR TIME,media
IE-MACK-VOTER MAIL,field
IE-CURBELO-MEDIA BUY,media
TV & ONLINE ADS 'STRUGGLING',digital
MEDIA - TV AD,media
SIGNS,field
DOOR TO DOOR VOTER CONTACT (ESTIMATE),field
MAILING COSTS,administrative
PAC PRINTING,administrative
RADIO ADS (NON-CONTRIBUTION ACCOUNT),media
TV ADVERTISING - DISSEM 10/30/12,media
FIELD STAFF EXPENSES,field
POSTAGE - MAIL PIECE 6,administrative
TEXTING,digital
IE-CRUZ-EMAIL LIST RENTAL,digital
RALLY ACTIVITIES,field
ONLINE ADVERTISING -- PRODUCTION AND PLACEMENT,digital
MEDIA BUYS,media
TV ADS 'WASHINGTON WAY',media
"TV AND DIGITAL ADVERTISEMENT DYSFUNCTIONAL SPANISH SUPPORTING CORY GARDNER, 10/23 - 11/4.",digital
SEPTEMBER CANVASSERS ESTIMATED,field
PERSUASION CALLS - ESTIMATED COST,field
DIGITAL TV FIELD OPERATIONS FOR NATIONAL GOTV,digital
AD PRODUCTION COSTS,media
WEB VIDEO ADVERTISEMENT,digital
IE-ERNST-EMAIL LIST RENTAL,digital
IE-BROWN-MEDIA PRODUCTION/MEDIA BUY,media
EVENTS,misc
FIELD CONSULTING,field
DOOR-TO-DOOR CANVASS,field
PRINT ADVERTISEMENT,media
SOCIAL MEDIA ADVERTISING,digital
STAFF/MANAGEMENT CONSULTING/TRAVEL,consulting
TELEVISION BUY AND PRODUCTION COST - HEALTHCARE,media
TELEVISION PRODUCTION AND MEDIA BUY - DOOR,media
ON-LINE ADS.,digital
MEDIA PRODUCTION & PLACEMENT - HILLARY'S INBOX,media
INTERNET ADVERTISING AND CONSULTING; ALSO OPPOSES MITT ROMNEY,digital
CANVASSER,field
TV ADVERTISING & PRODUCTION OF SERVED,media
OUTDOOR AD PRODUCTION & PLACEMENT: BILLBOARDS,media
MATERIALS - DISSEMINATED 09/26/2016,field
PAYROLL ESTIMATE FOR CANVASSERS 10/1-10/19,field
RADIO AD KEYS,media
PAYMENT FOR CANVASSING SERVICES,field
IE-SMITH-VOTER MAIL,field
POSTAGE FOR MAILER (ENERGY),administrative
WEB AD,digital
TELEVISION ADVERTISING OF 'TAKES CARE',media
TELEVISION ADVERTISING OF 'DON'T BE FOOLED',media
RADIO ADVERTISING; ALSO SUPPORTS NEWT GINGRICH,media
KIDS ONLINE AD PLACEMENT,digital
TELEVISION ADVERTISING FOR 10/07/13 WYOMING AD,media
RADIO ADS/PRODUCTION AND DISTRIBUTION,media
CATHERINE AGAINST NEVADA DIGITAL ADVERTISEMENT (EXCEEDED $10K ON 9/15/2016),digital
IE-FLAKE-VOTER CALLS,field
IE-CASEY-DIRECT MAIL,fundraising
"TV AND DIGITAL ADVERTISEMENT YOU KNOW SUPPORTING DAN BENISHEK, 5/7 - 5/20.",digital
"TV AND DIGITAL ADVERTISMENT FAVRE ENDORSEMENT SUPPORTING THAD COCHRAN, 6/18/14 - 6/24/14.",digital
"TV AND ONLINE ADVERTISEMENT COURTS AGAINST BRYAN SMITH, 2/28 - 3/10.",digital
SOCIAL MEDIA PLACEMENT: JANESVILLE,digital
TV & RADIO ADS,media
TRUST RICK AD,media
"RADIO, TV & DIGITAL AD PRODUCTION & BUY",digital
TV ADS RUN 5/13+ SPECIAL GENERAL,media
TV AD RUNNING AGAIN,media
TV AD PRODUCTION AND BROADCAST TIME,media
ESTIMATED OUTBOUND VOTER CONTACT CALLS,field
ADVERTISING-PLACEMENT OF WEB ADS (SO MANY THINGS & REPLACE),digital
BROADCAST & DIGITAL AD.,digital
'TRUST RICK' AD,media
ADVERITSING - DIGITAL,digital
"ADVERTISING - TV -ALSO OPPOSES RUBIO, TRUMP",media
DIGITAL AD PLACEMENT PRODUCTION COSTS TOUGH GUY,digital
DIGITAL TV AD BUY,digital
DIGITAL MEDIA BUY AND PRODUCTION EXPENSE,digital
CABLE MEDIA FLIGHT 10/17-10/23 'SERVICE',media
"MEDIA SUPPORTING JOHN MCCAIN, 8/23 - 8/30.",media
MEDIA BUY (TV AD),media
IE-OPPOSE WARD-ONLINE ADS,digital
"TV, CABLE MEDIA BUY - ESTIMATED COST",media
POSTAGE FOR MAILERS (KANDER HEALTHCARE AND OBAMACARE),administrative
MEDIA - TV AD BUY,media
2/10-2/23 CABLE ADVERTISING,media
TV ADVERTISING OF 'NO FRIEND',media
MEDIA BUY-NY,media
"TV, DIGITAL, PHONE AND MAIL CAMPAIGNS SUPPORTING ROGER MARSHALL, JULY 26 - AUGUST 2.",digital
"TV, DIGITAL, PHONE AND MAIL CAMPAIGNS OPPOSING TIM HUELSKAMP, JULY 26 - AUGUST 2.",digital
TV AD PLACEMENT: TRICK-CHILDERS,media
ESTIMATED COST FOR CANVASSING SERVICES FOR 9/5-9/11,field
ONLINE ADVERTIISING,digital
RADIO ADS + PRODUCTION,media
TV AD PROD/PLACE,media
SLATE MAIL,administrative
TELEVISION ADVERTISING OF 'UNTRUSTED',media
RADIO AD FOUGHT,media
MEDIA BUY; ALSO SUPPORTS BRIAN WHELAN,media
RADIO ADS 10/6+,media
DIRECT MAIL SERVICES-ALSO OPPOSE CLINTON,fundraising
VOTER CONTACT SVCS - PUBLICATIONS/VOTER CANVASSING,field
"MEDIA BUY - TV, RADIO, BROADCAST",media
WEBSITE AND ONLINE VIDEO PLACEMENT,digital
ADDITION TO TV BUY,media
TV AD BUY/PRODUCTION,media
TV AND DIGITAL AD PRODUCTION COSTS,digital
DIGITAL WEB AD (SPECIAL INTERESTS),digital
RADIO PRODUCTION AND PLACEMENT,media
IE-COFFMAN-MEDIA BUY,media
AUTOMATED PHONE CALLS,field
TV AD PRODUCTION AND AIR TIME,media
PAID CANVASS,field
VOTER ID CALL CENTERS,field
ESTIMATED RADIO AD BUY,media
IE-MANESS-EMAIL LIST RENTAL,digital
TV AD MEDIA BUY,media
PRINTING OF CANVASS LITERATURE,field
BROADCAST TV BUY (RESPECT),media
IE-MCCAIN-DIRECT MAIL,fundraising
ESTIMATED COST FOR CANVASSING SERVICES FOR 9/19-9/25,field
VOTER OUTREACH 'EARLY VOTE FOR BEGICH',field
WEB VIDOES,digital
ESTIMATED COST FOR ROBOCALLS,field
TV AD - FUND,media
"FEDERAL TV AND CABLE AD DEVELOPMENT, PRODUCTION AND AD BUY",media
WEBSITE DEVELOPMENT,digital
LATINO TELEVISION AD,media
EVENT EXPENSES,field
TV ADS 'INHERITED',media
RADIO ADS/DISTRIBUTION,media
BILLBOARD ADVERTISING,media
GOTV CALLS (11/03 - 11/05/2012),field
RADIO AND TELEVISION ADVERTISING AND PRODUCTION,media
PROJECTED PAYROLL FOR CANVASSERS 9/1/16-9/31/16 NC,field
POSTAGE FOR MAILERS (MCGINTY SUPREME COURT),administrative
OCTOBER CANVASSERS ESTIMATED,field
DIGITAL MEDIA PRODUCTION & PLACEMENT - NC VOTING,digital
MEDIA BUYS (TORE),media
TELEVISION ADVERTISING OF CHARTER.,media
TELEVISION PRODUCTION AND MEDIA BUY - WRONG WAY,media
TELEVISION PRODUCTION AND MEDIA BUY - CLOSED,media
MEDIA BUY AND PRODUCTION (SERVED),media
DIGITAL AD PRODUCTION,digital
POSTAGE FOR MAILERS ('OBAMACARE'),administrative
POSTAGE FOR MAILERS (SUPREME COURT),administrative
PRINT POSTAGE PRODUCTION DESIGN,administrative
LIVE PHONE CALLS,field
TELEVISION ADVERTISING OF WANTED,media
DIRECT MAIL; ALSO OPPOSES RICK SANTORUM,fundraising
POSTAGE FOR MAILERS ('SUPREME COURT'),administrative
NEWSPAPER ADVERTISEMENT,media
TV/RADIO AD PRODUCTION,media
MAILING PRODUCTION COSTS,administrative
RADIO AD: PRODUCTION AND MEDIA BUY,media
PHONE CALLS (ESTIMATED COSTS),administrative
TV ADS & PRODUCTION COST 'NY-19' 'HIT',media
DIGITAL WEB AD (MCGINTY CORPORATE SUBSIDIES),digital
INTERNET AD COSTS/WEB PAGE DESIGN COSTS,digital
POSTCARD POSTAGE,administrative
"TV ADVERTISEMENT FIGHT HARD SUPPORTING MITCH MCCONNELL, 12/3 - 12/12.",media
DIGITAL AD PLACEMENT BUY,digital
TV ADVERTISING OF 'WRONG' - ESTIMATE,media
DIRECT MAIL (ALSO OPPOSES KAY HAGAN),administrative
"DIRECT MAIL;PAID 94,454.45 - RED PRINTING & MAIL;$2,292.00 - POLITICAL DATA; $83,780.91 - U.S.P.S",administrative
TV AD - SMART,media
BROADCAST TV MEDIA BUY (WASTE),media
MEDIA BUY FOR CABLE TV AD (ALSO OPPOSES TED CRUZ),media
DOOR TO DOOR/VOTER CONTACT,field
"ADVERTISEMENT CREATION, PRODUCTION AND PLACEMENT",media
KIDS ONLINE AD PLACEMENT (ACTUAL NOT ESTIMATED),digital
MEDIA - NUESTRO PAIS,media
MAILER (RECEIPT),administrative
TV AD PLACEMENT: TRICK-SPRATT,media
"MEDIA BUY TV - ORIGINALLY REPORTED AS $983,801.00; REVISED TO ACTUAL",media
PAC MEDIA,media
DIRECT MAIL PRINTING/PRODUCTION,fundraising
MEDIA PLACEMENT-NATIONAL-ALSO OPPOSE BUSH AND CLINTON,media
MAILER - AFSCME-M6,administrative
MAILER - AFSCME-M5,administrative
MOBILE ADS,digital
FIELD CANVASS,field
IE-MANDEL-EMAIL LIST RENTAL,digital
MEDIA PRODUCTION; ALSO SUPPORTS MITT ROMNEY,media
POSTAGE FOR MAILERS ('DEFEAT 'PAY-MORE' PATRICK'),media
TELEVISION AD (BETTER) AIR BUY PRODUCTION COSTS.,media
"TV ADVERTISEMENT POWER SPANISH OPPOSING MARK UDALL, 9/4 - 9/17.",media
PRODUCTION AND DISPLAY ADVERTISEMENT: 'ROMNEY WANTS MOURDOCK',media
IE-BROWN-ONLINE ADS,digital
MEDIA BUY - RADIO,media
'FIRE-MAFFEI' TV ADVERTISEMENT,media
INTERNET ADVERTISING; ALSO OPPOSES NEWT GINGRICH,digital
VIDEO MOBILE BILLBOARDS,digital
ESTIMATED COST FOR DIRECT MAIL,fundraising
"TV AND DIGITAL ADVERTISEMENT GOOD DOG RON SUPPORTING MARTHA MCSALLY, 9/5 - 9/14.",digital
"TV AND DIGITAL ADVERTISEMENT GOOD DOG RON OPPOSING RON BARBER, 9/5 - 9/14.",digital
VOTER OUTREACH CONSULTING SERVICES,consulting
TELIVISOIN AD,media
TELEVISION ADVERTISING BUY FOR 05/06/14 OREGON AD,media
"TV AND DIGITAL ADVERTISEMENT DEFEND SUPPORTING ANDY BARR, 5/7 - 5/17.",digital
TELEVISION AD - MEDIA BUY. AD AIRS 5/22 - 6/2.,media
ESTIMATED NOVEMBER EXTERNAL DEPLOYMENT LIST RENTAL AND ONLINE VOTER CONTACT,digital
RADIO/MEDIA PLACEMENT,media
MILEAGE,travel
"INTERNET AD PLACEMENT, PRODUCTION COSTS",digital
RADIO ADS STARTING 4/30+ TIME AND PRODUCTION,media
WEB AD PLACEMENT (RENEE PROMISED),digital
TELEVISION ADVERTISING OF 'DESTROY',media
RADIO ADVERTISING; ALSO SUPPORTS MITT ROMNEY,media
ESTIMATED COST FOR CANVASSING SERVICES FOR 8/29-9/4,field
MEDIA BUY - WEHBY FOR SENATE 05/05/14-05/11/14,media
ESTIMATED PAYMENT FOR SALARY AND BENEFITS FROM 10/16-11/6,administrative
CATHERINE AGAINST NEVADA DIGITAL ADVERTISEMENT,digital
IES TELEVISION,media
"TV AD AIR BUY, PRODCUTION COSTS",media
"MAIL DESIGN/LAYOUT, PRITING, HANDLING FEE & POSTAGE",administrative
MAILER PRODUCTION AND POSTAGE,administrative
POSTAGE FOR MAILERS (KANDER COST OF LIVING),administrative
MEDIA BUY - TN 07/29/14 AD,media
IE-TV ADVERTISING,media
DIGITAL MEDIA PRODUCTION/PLACEMENT - MISSOURI,digital
EST - SERIES OF MAILERS,administrative
CABLE AD BUY,media
POSTAGE - MAIL PIECE 2,administrative
STAFFING AND SERVICES FOR FORTY CANVASSERS,administrative
MEDIA PLACEMENT - TV,media
TV AD PRODUCTION (ESTIMATED),media
TV AD PLACEMENT 'TRICK-CAUSEY',media
TV ADS WHAT'S THE DEAL,media
CANVASS LIT,field
DIGITAL PLACEMENT (BRUCE'S STORY),digital
TV AD PRODUCTION & PLACEMENT: FOUGHT,media
TV AD PRODUCTION & PLACEMENT: WALK,media
EST. PAYMENT FOR SALARY AND OTHER CANVASS-RELATED EXPENSES STARTING ON 9/12,field
DIGITAL WEB AD ('FAMILIES'),digital
DIGITAL WEB AD (FAMILIES),digital
PER DIEM,misc
TV AD PRODUCTION - ESTIMATED COST,media
RADIO ADVERTISING (PLACEMENT COST),media
RADIO ADVERTISEMENT DISSEMINATION,media
WEBSITE AND DIGITAL CONSULTING SERVICES,digital
CANVASSING EXPENSES.,field
IE-MOURDOCK-EMAIL LIST RENTAL,digital
IE-COTTON-MEDIA BUY,media
TV ADS BEHIND CASA,digital
TV PLACEMENT AND PRODUCTION,media
"TV ADVERTISEMENT STRONG SUPPORTING SHELLEY MOORE CAPITO, 12/5 - 12/14.",media
AD PRODUCTION AND COMMISSION-ESTIMATED COSTS,media
RADIO AD/PRODUCTION,media
"TV ADVERTISEMENT STANDING TALL SUPPORTING EVAN JENKINS, 12/5 - 12/14.",media
POLITICAL MAIL,field
DOOR-TO-DOOR CANVASS STAFF AND RELATED EXPENSES,field
ONLINE AD CAMPAIGN,digital
TV AD PLACEMENT AND PRODUTION,media
BROADCAST TV MEDIA BUY (PLEDGE),media
MEDIA BUY FOR POLITICAL AD,media
TV & CABLE ADVERTISING - INNOVATION,media
SEARCH ENGINE ADVERTISING,digital
CREATION AND PLACEMENT OF SOCIAL MEDIA AD RUNNING 10/19 - 10/25,digital
ESTIMATED REMAINING PRE-PAID AD BUY BUDGET FOR MONTH BEFORE PRIMARY,media
MEDIA BUY - NY 9/25/12,media
PERSUASION CALLS,field
FULFILLMENT ITEMS - SIGNAGE & CLOTHING,field
TV ADVERTISEMENT - CHOICE,media
PRINT 4 COLOR POSTCARD,administrative
PRODUCTION COST - MAIL PIECE 1,administrative
MIKE SIMPSON (ID-02) TV AD,media
TV MEDIA PRODUCTION,media
"DIRECT MAIL PRINTING, POSTAGE AND SHIPPING",fundraising
VOTER ID AND PERSUASION CANVASS OPERATION,field
RADIO AD PLACEMENT: COAL,media
FIELD PROGRAM FOR GOTV,field
LIST RENTAL EXPENSE,field
TELEVISION AD MEDIA BUY - NELSON,media
"MAIL PRINTING, PRODUCTION AND POSTAGE",administrative
RADIO AD PLACEMENT AND PRODUCITON,media
TV BUY AND PRODUCTION,media
EVENT PRODUCTION,fundraising
IE-WEST-DIRECT MAIL,fundraising
GRASSROOTS CANVASSING,field
ONLINE VIDEO PRODUCTION COSTS & AD BUY,digital
PAYMENT FOR CANVASSING SERVICES BEGINNING ON 10/4,field
RADIO ADS - CONTRAST,media
MEDIA BUY & SPOT PRODUCTION - MEDIA PRE-ROLL,media
DIRECT MAIL AND ROBO-CALL VOTER CONTACT PROGRAM,fundraising
CREATIVE/NETWORK/INTERNET WI,digital
"TELEVISION ADVERTISEMENTS RUNNING FROM OCTOBER 5, 2012 TO NOVEMBER 6, 2012.",media
TV AD PLACEMENT: TRICK-ADLER,media
DIGITAL ADVERTISING PRODUCTION AND BUY,digital
DIGITAL ADVERTISING - DISSEMINATED 10/28/2016,digital
PRODUCTION AND POSTAGE,administrative
CANVASS EXPENSE,field
IE-BUCK-MEDIA PRODUCTION;/TV BUY,media
MEDIA PRODUCTION; ALSO OPPOSES MITT ROMNEY,media
RADIO ADVERTISING & PRODUCTION,media
IE-ALLEN-ONLINE ADS,digital
DIGITAL AD PLACEMENT,digital
CONTRACT LABOR FOR STATE ELECTION CONSULTING,consulting
PROMOTIONAL LITERATURE,field
MAILHOUSE/POSTAGE,administrative
TELEVISION ADVERTISING OF 'WORK',media
RADIO MEDIA SCHEDULE,media
DIRECT MAIL -- COLORADO; ALSO OPPOSES BARACK OBAMA,fundraising
TELEVISIOIN ADVERTISING,media
"TELEVISION PRODUCTION, MEDIA BUY",media
DIRECT MAIL PRODUCTION/TELEMARKETING,fundraising
IE-MANDEL-DIRECT MAIL,fundraising
IE-BROWN-DIRECT MAIL,fundraising
TV AD - THREATEN,media
INTERNET ADS STARTING 10/13,digital
PRODUCTION AND MEDIA BUY FOR POLITICAL AD,media
LEADERSHIP ONLINE AD PLACEMENT (ACTUAL NOT ESTIMATED),digital
KIDS ONLINE AD PLACEMENT (FINAL TOTAL NOT ESTIMATED),digital
LATINO DIRECT MAIL,fundraising
FULFILLMENT ITEMS,field
MAILING PRODUCTION AND POSTAGE COSTS,administrative
NATIONAL BUS TOUR 9/28 TO 11/6,travel
TV ADVERTISING BUY AND PRODUCTION,media
ONLINE MEDIA,digital
POSTAGE FOR MAILER (CRONYISM),administrative
TV AD PLACEMENT: 'NICE',media
"MEDIA BUY, 4 WEEKS",media
DIRECT MAIL -- OHIO; ALSO OPPOSES BARACK OBAMA,fundraising
CABLE TV ADS - SUPREME COURT,media
MAIL PRINTING AND POSTAGE,administrative
DIRECT MAIL DESIGN/LAYOUT PRINTING MAIL SERVICE & POSTAGE (MOTHER TERESA),fundraising
PANDORA ADS,digital
DIRECT MAIL SERVICES AND POSTAGE; DISSEMINATION DATE 05/26/2016,fundraising
IE-MOURDOCK-SIGNAGE,field
MEDIA ADVERTISING TIME BUY ORDER-TV SPOT 'TOUGH TIMES',media
"NEW TELEVISION AD AIR BUY, PRODUCTION COSTS",media
POSTCARD PRINT & PRODUCTION,administrative
ESTIMATED COST FOR CANVASSING SERVICES FOR 8/22-8/28,field
PAC RADIO AD BUY 10/1-10/7/12,media
RADIO AD PRODUCTION AND PLACEMENT,media
MEDIA BUY - DIGITAL,digital
INDEPENDENT EXPENDITURE ONLINE ADVERTISING,digital
DIGITAL AD PLACEMENT PRODUCTION COSTS MATH,digital
'INSIDER-BARBER' TV ADVERTISEMENT,media
NEWSPAPER ADS AND MAIL,media
TV ADS 'THE FACTS',media
IE-SMITH-VOTER ID MAILING,media
MEDIA BUY BROADCAST & CABLE,media
ADVERTISING - MOBILE,digital
ESTIMATED OUTBOUND VOTER CONTACT CALLS FOR JUNE,field
RADIO & DIGITAL ADVERTISING PRODUCTION & BUY,digital
MEDIA PRODUCTION & MEDIA TIME,media
PRODUCTION PLANNING/STRATEGY/MEDIA CONSULTING,media
WEB ADVERTISING (ESTIMATED VALUE),digital
TELEPHONE & DOOR-TO-DOOR EFFORTS,field
"TV AND DIGITAL ADVERTISEMENT TESTED SUPPORTING PAT ROBERTS, 10/29 - 11/4.",digital
"TV AND DIGITAL ADVERTISEMENT HANDPICKED SUPPORTING DAN BENISHEK, 9/5 - 9/15.",digital
"TV AND DIGITAL ADVERTISEMENT HANDPICKED OPPOSING JERRY CANNON, 9/5 - 9/15.",digital
"TV AND DIGITAL ADVERTISEMENT FOLLOW PELOSI SUPPORTING NAN HAYWORTH, 9/24 - 10/7.",digital
"TV AND DIGITAL ADVERTISEMENT FOLLOW PELOSI OPPOSING SEAN MALONEY, 9/24 - 10/7.",digital
"TV AND DIGITAL ADVERTISEMENT PAID OPPOSING JOE GARCIA, 10/30 - 11/3.",digital
TV MEDIA BUY - 'VETERANS AGAINST ANGLE' 10/26/2010,media
"RADIO BUY, AD PRODUCTION",media
"TV ADVERTISEMENT HUNGRY SUPPORTING BARBARA COMSTOCK, 9/24 - 10/1.",media
"TV ADVERTISEMENT HUNGRY OPPOSING JOHN FOUST, 9/24 - 10/1.",media
"TV AND DIGITAL AD RANDY OWEN MITCH ENDORSEMENT SUPPORTING MITCH MCCONNELL, 10/24 - 11/4.",digital
"TV ADVERTISEMENT STANDING OPPOSING RICK NOLAN, 9/5 - 9/15.",media
"TV ADVERTISEMENT STANDING SUPPORTING STEWART MILLS, 9/5 - 9/15.",media
"TV ADVERTISEMENT STOP WASHINGTON AGAINST ANN KIRKPATRICK, 8/21/14 - 8/26/14.",media
"TV ADVERTISEMENT STOP WASHINGTON SUPPORTING ANDY TOBIN, 8/21/14 - 8/26/14.",media
ESTIMATED EXTERNAL DEPLOYMENT LIST RENTAL AND ONLINE VOTER CONTACT,digital
ESTIMATED LIST RENTAL FEES AND ONLINE ADVERTISING,field
ESTIMATED LIST RENTAL COSTS FOR JUNE,field
DIGITAL AD PRODUCTION AND BUY (ESTIMATE),digital
CONTRIBUTION FOR IE RADIO COMMUNICATIONS,media
POLLING & RESEARCH,polling
IE-MASTO-MEDIA BUY,media
JOINT CANVASS,field
RADIO AD WONDER,media
MEDIA BUY & PRODUCTION: RADIO,media
BROADCAST TV AD BUY (RESPECT),media
STAFFING AND SERVIES FOR FORTY FIELD CANVASSERS,field
TELEVISION ADVERTISING OF 'SCRATCH',media
CABLE PLACEMENT,media
LATINO RADIO ADS,media
